VIN,Make,Model,ModelYear,ErrorCode,ErrorText
SAL109F90RA195161,LAND ROVER,Range Rover Sport,2024,0,
SAL109F90RA415334,LAND ROVER,Range Rover Sport,2024,0,
SAL109F91RA197193,LAND ROVER,Range Rover Sport,2024,0,
SAL109F92RA193928,LAND ROVER,Range Rover Sport,2024,0,
SAL109F96RA197240,LAND ROVER,Range Rover Sport,2024,0,
SAL109F98RA196073,LAND ROVER,Range Rover Sport,2024,0,
SAL109F98RA199894,LAND ROVER,Range Rover Sport,2024,0,
SAL119F41SA424146,LAND ROVER,Range Rover Sport,2025,0,
SAL119F42RA190013,LAND ROVER,Range Rover Sport,2024,0,
SAL119F42RA408306,LAND ROVER,Range Rover Sport,2024,0,
SAL119F42SA426486,LAND ROVER,Range Rover Sport,2025,0,
SAL119F43SA423919,LAND ROVER,Range Rover Sport,2025,0,
SAL119F43SA424066,LAND ROVER,Range Rover Sport,2025,0,
SAL119F43SA426495,LAND ROVER,Range Rover Sport,2025,0,
SAL119F43SA428716,LAND ROVER,Range Rover Sport,2025,0,
SAL119F45RA187770,LAND ROVER,Range Rover Sport,2024,0,
SAL119F45SA428488,LAND ROVER,Range Rover Sport,2025,0,
SAL119F46SA422473,LAND ROVER,Range Rover Sport,2025,0,
SAL119F46SA423543,LAND ROVER,Range Rover Sport,2025,0,
SAL119F46SA424403,LAND ROVER,Range Rover Sport,2025,0,
SAL119F46SA428158,LAND ROVER,Range Rover Sport,2025,0,
SAL119F47RA413369,LAND ROVER,Range Rover Sport,2024,0,
SAL119F48RA182756,LAND ROVER,Range Rover Sport,2024,0,
SAL119F48RA191604,LAND ROVER,Range Rover Sport,2024,0,
SAL119F48RA405846,LAND ROVER,Range Rover Sport,2024,0,
SAL119F48RA417916,LAND ROVER,Range Rover Sport,2024,0,
SAL119F49RA181194,LAND ROVER,Range Rover Sport,2024,0,
SAL119F49SA422273,LAND ROVER,Range Rover Sport,2025,0,
SAL119F49SA438084,LAND ROVER,Range Rover Sport,2025,0,
SAL119F4XSA423075,LAND ROVER,Range Rover Sport,2025,0,
SAL119F4XSA423691,LAND ROVER,Range Rover Sport,2025,0,
SAL1L9E44SA441308,LAND ROVER,Range Rover Sport,2025,0,
SAL1L9E4XSA445699,LAND ROVER,Range Rover Sport,2025,0,
SAL1L9FU0RA181997,LAND ROVER,Range Rover Sport,2024,0,
SAL1L9FU0RA191476,LAND ROVER,Range Rover Sport,2024,0,
SAL1L9FU0RA194619,LAND ROVER,Range Rover Sport,2024,0,
SAL1L9FU0RA194801,LAND ROVER,Range Rover Sport,2024,0,
SAL1L9FU0RA198654,LAND ROVER,Range Rover Sport,2024,0,
SAL1L9FU0RA405351,LAND ROVER,Range Rover Sport,2024,0,
SAL1L9FU0RA405575,LAND ROVER,Range Rover Sport,2024,0,
SAL1L9FU0RA405947,LAND ROVER,Range Rover Sport,2024,0,
SAL1L9FU0RA410243,LAND ROVER,Range Rover Sport,2024,0,
SAL1L9FU0RA411070,LAND ROVER,Range Rover Sport,2024,0,
SAL1L9FU0RA420125,LAND ROVER,Range Rover Sport,2024,0,
SAL1L9FU0RA421825,LAND ROVER,Range Rover Sport,2024,0,
SAL1L9FU0SA424083,LAND ROVER,Range Rover Sport,2025,0,
SAL1L9FU0SA429882,LAND ROVER,Range Rover Sport,2025,0,
SAL1L9FU0SA430191,LAND ROVER,Range Rover Sport,2025,0,
SAL1L9FU0SA430918,LAND ROVER,Range Rover Sport,2025,0,
SAL1L9FU0SA431499,LAND ROVER,Range Rover Sport,2025,0,
SAL1L9FU0SA431776,LAND ROVER,Range Rover Sport,2025,0,
SAL1L9FU0SA433513,LAND ROVER,Range Rover Sport,2025,0,
SAL1L9FU0SA433608,LAND ROVER,Range Rover Sport,2025,0,
SAL1L9FU0SA435830,LAND ROVER,Range Rover Sport,2025,0,
SAL1L9FU0SA439263,LAND ROVER,Range Rover Sport,2025,0,
SAL1L9FU0SA443264,LAND ROVER,Range Rover Sport,2025,0,
SAL1L9FU1RA184519,LAND ROVER,Range Rover Sport,2024,0,
SAL1L9FU1RA189929,LAND ROVER,Range Rover Sport,2024,0,
SAL1L9FU1RA195164,LAND ROVER,Range Rover Sport,2024,0,
SAL1L9FU1RA407898,LAND ROVER,Range Rover Sport,2024,0,
SAL1L9FU1RA414530,LAND ROVER,Range Rover Sport,2024,0,
SAL1L9FU1RA419811,LAND ROVER,Range Rover Sport,2024,0,
SAL1L9FU1RA422000,LAND ROVER,Range Rover Sport,2024,0,
SAL1L9FU1SA431219,LAND ROVER,Range Rover Sport,2025,0,
SAL1L9FU1SA443015,LAND ROVER,Range Rover Sport,2025,0,
SAL1L9FU2RA184058,LAND ROVER,Range Rover Sport,2024,0,
SAL1L9FU2RA192709,LAND ROVER,Range Rover Sport,2024,0,
SAL1L9FU2RA406646,LAND ROVER,Range Rover Sport,2024,0,
SAL1L9FU2RA406906,LAND ROVER,Range Rover Sport,2024,0,
SAL1L9FU2RA407232,LAND ROVER,Range Rover Sport,2024,0,
SAL1L9FU2RA410664,LAND ROVER,Range Rover Sport,2024,0,
SAL1L9FU2RA412639,LAND ROVER,Range Rover Sport,2024,0,
SAL1L9FU2RA420658,LAND ROVER,Range Rover Sport,2024,0,
SAL1L9FU2RA421115,LAND ROVER,Range Rover Sport,2024,0,
SAL1L9FU2RA421194,LAND ROVER,Range Rover Sport,2024,0,
SAL1L9FU2RA421583,LAND ROVER,Range Rover Sport,2024,0,
SAL1L9FU2SA423209,LAND ROVER,Range Rover Sport,2025,0,
SAL1L9FU2SA427874,LAND ROVER,Range Rover Sport,2025,0,
SAL1L9FU2SA430077,LAND ROVER,Range Rover Sport,2025,0,
SAL1L9FU2SA433156,LAND ROVER,Range Rover Sport,2025,0,
SAL1L9FU2SA435974,LAND ROVER,Range Rover Sport,2025,0,
SAL1L9FU2SA436543,LAND ROVER,Range Rover Sport,2025,0,
SAL1L9FU2SA437059,LAND ROVER,Range Rover Sport,2025,0,
SAL1L9FU2SA439491,LAND ROVER,Range Rover Sport,2025,0,
SAL1L9FU2SA443282,LAND ROVER,Range Rover Sport,2025,0,
SAL1L9FU2SA444609,LAND ROVER,Range Rover Sport,2025,0,
SAL1L9FU2SA444819,LAND ROVER,Range Rover Sport,2025,0,
SAL1L9FU2SA444979,LAND ROVER,Range Rover Sport,2025,0,
SAL1L9FU3RA183923,LAND ROVER,Range Rover Sport,2024,0,
SAL1L9FU3RA191486,LAND ROVER,Range Rover Sport,2024,0,
SAL1L9FU3RA405201,LAND ROVER,Range Rover Sport,2024,0,
SAL1L9FU3RA405893,LAND ROVER,Range Rover Sport,2024,0,
SAL1L9FU3RA408342,LAND ROVER,Range Rover Sport,2024,0,
SAL1L9FU3RA409975,LAND ROVER,Range Rover Sport,2024,0,
SAL1L9FU3RA412083,LAND ROVER,Range Rover Sport,2024,0,
SAL1L9FU3RA412634,LAND ROVER,Range Rover Sport,2024,0,
SAL1L9FU3RA412696,LAND ROVER,Range Rover Sport,2024,0,
SAL1L9FU3RA419230,LAND ROVER,Range Rover Sport,2024,0,
SAL1L9FU3RA420779,LAND ROVER,Range Rover Sport,2024,0,
SAL1L9FU3RA421107,LAND ROVER,Range Rover Sport,2024,0,
SAL1L9FU3RA421267,LAND ROVER,Range Rover Sport,2024,0,
SAL1L9FU3SA422697,LAND ROVER,Range Rover Sport,2025,0,
SAL1L9FU3SA423199,LAND ROVER,Range Rover Sport,2025,0,
SAL1L9FU3SA426944,LAND ROVER,Range Rover Sport,2025,0,
SAL1L9FU3SA427687,LAND ROVER,Range Rover Sport,2025,0,
SAL1L9FU3SA431254,LAND ROVER,Range Rover Sport,2025,0,
SAL1L9FU3SA431318,LAND ROVER,Range Rover Sport,2025,0,
SAL1L9FU3SA433053,LAND ROVER,Range Rover Sport,2025,0,
SAL1L9FU3SA435188,LAND ROVER,Range Rover Sport,2025,0,
SAL1L9FU3SA435451,LAND ROVER,Range Rover Sport,2025,0,
SAL1L9FU3SA435692,LAND ROVER,Range Rover Sport,2025,0,
SAL1L9FU3SA436681,LAND ROVER,Range Rover Sport,2025,0,
SAL1L9FU3SA437426,LAND ROVER,Range Rover Sport,2025,0,
SAL1L9FU3SA438317,LAND ROVER,Range Rover Sport,2025,0,
SAL1L9FU3SA444537,LAND ROVER,Range Rover Sport,2025,0,
SAL1L9FU3SA444893,LAND ROVER,Range Rover Sport,2025,0,
SAL1L9FU3SA445803,LAND ROVER,Range Rover Sport,2025,0,
SAL1L9FU4RA191044,LAND ROVER,Range Rover Sport,2024,0,
SAL1L9FU4RA191464,LAND ROVER,Range Rover Sport,2024,0,
SAL1L9FU4RA192808,LAND ROVER,Range Rover Sport,2024,0,
SAL1L9FU4RA407037,LAND ROVER,Range Rover Sport,2024,0,
SAL1L9FU4RA412626,LAND ROVER,Range Rover Sport,2024,0,
SAL1L9FU4RA419320,LAND ROVER,Range Rover Sport,2024,0,
SAL1L9FU4RA421326,LAND ROVER,Range Rover Sport,2024,0,
SAL1L9FU4RA421391,LAND ROVER,Range Rover Sport,2024,0,
SAL1L9FU4RA421715,LAND ROVER,Range Rover Sport,2024,0,
SAL1L9FU4RA422055,LAND ROVER,Range Rover Sport,2024,0,
SAL1L9FU4SA424717,LAND ROVER,Range Rover Sport,2025,0,
SAL1L9FU4SA426743,LAND ROVER,Range Rover Sport,2025,0,
SAL1L9FU4SA430954,LAND ROVER,Range Rover Sport,2025,0,
SAL1L9FU4SA431263,LAND ROVER,Range Rover Sport,2025,0,
SAL1L9FU4SA437600,LAND ROVER,Range Rover Sport,2025,0,
SAL1L9FU4SA438956,LAND ROVER,Range Rover Sport,2025,0,
SAL1L9FU4SA440495,LAND ROVER,Range Rover Sport,2025,0,
SAL1L9FU4SA446538,LAND ROVER,Range Rover Sport,2025,0,
SAL1L9FU4SA448631,LAND ROVER,Range Rover Sport,2025,0,
SAL1L9FU5RA406074,LAND ROVER,Range Rover Sport,2024,0,
SAL1L9FU5RA411078,LAND ROVER,Range Rover Sport,2024,0,
SAL1L9FU5RA411209,LAND ROVER,Range Rover Sport,2024,0,
SAL1L9FU5RA416040,LAND ROVER,Range Rover Sport,2024,0,
SAL1L9FU5RA419858,LAND ROVER,Range Rover Sport,2024,0,
SAL1L9FU5SA423107,LAND ROVER,Range Rover Sport,2025,0,
SAL1L9FU5SA430798,LAND ROVER,Range Rover Sport,2025,0,
SAL1L9FU5SA433510,LAND ROVER,Range Rover Sport,2025,0,
SAL1L9FU5SA438965,LAND ROVER,Range Rover Sport,2025,0,
SAL1L9FU5SA445284,LAND ROVER,Range Rover Sport,2025,0,
SAL1L9FU6RA183799,LAND ROVER,Range Rover Sport,2024,0,
SAL1L9FU6RA190770,LAND ROVER,Range Rover Sport,2024,0,
SAL1L9FU6RA193328,LAND ROVER,Range Rover Sport,2024,0,
SAL1L9FU6RA407413,LAND ROVER,Range Rover Sport,2024,0,
SAL1L9FU6RA412675,LAND ROVER,Range Rover Sport,2024,0,
SAL1L9FU6RA420954,LAND ROVER,Range Rover Sport,2024,0,
SAL1L9FU6RA421120,LAND ROVER,Range Rover Sport,2024,0,
SAL1L9FU6RA421926,LAND ROVER,Range Rover Sport,2024,0,
SAL1L9FU6SA429921,LAND ROVER,Range Rover Sport,2025,0,
SAL1L9FU6SA430227,LAND ROVER,Range Rover Sport,2025,0,
SAL1L9FU6SA430731,LAND ROVER,Range Rover Sport,2025,0,
SAL1L9FU6SA435816,LAND ROVER,Range Rover Sport,2025,0,
SAL1L9FU6SA438456,LAND ROVER,Range Rover Sport,2025,0,
SAL1L9FU6SA443138,LAND ROVER,Range Rover Sport,2025,0,
SAL1L9FU6SA445052,LAND ROVER,Range Rover Sport,2025,0,
SAL1L9FU6SA446041,LAND ROVER,Range Rover Sport,2025,0,
SAL1L9FU7RA187943,LAND ROVER,Range Rover Sport,2024,0,
SAL1L9FU7RA196500,LAND ROVER,Range Rover Sport,2024,0,
SAL1L9FU7RA405556,LAND ROVER,Range Rover Sport,2024,0,
SAL1L9FU7RA406920,LAND ROVER,Range Rover Sport,2024,0,
SAL1L9FU7RA408148,LAND ROVER,Range Rover Sport,2024,0,
SAL1L9FU7RA408599,LAND ROVER,Range Rover Sport,2024,0,
SAL1L9FU7RA410899,LAND ROVER,Range Rover Sport,2024,0,
SAL1L9FU7RA412314,LAND ROVER,Range Rover Sport,2024,0,
SAL1L9FU7RA414306,LAND ROVER,Range Rover Sport,2024,0,
SAL1L9FU7RA420266,LAND ROVER,Range Rover Sport,2024,0,
SAL1L9FU7RA420512,LAND ROVER,Range Rover Sport,2024,0,
SAL1L9FU7RA420686,LAND ROVER,Range Rover Sport,2024,0,
SAL1L9FU7RA420848,LAND ROVER,Range Rover Sport,2024,0,
SAL1L9FU7RA421403,LAND ROVER,Range Rover Sport,2024,0,
SAL1L9FU7RA421479,LAND ROVER,Range Rover Sport,2024,0,
SAL1L9FU7RA421935,LAND ROVER,Range Rover Sport,2024,0,
SAL1L9FU7SA423223,LAND ROVER,Range Rover Sport,2025,0,
SAL1L9FU7SA426574,LAND ROVER,Range Rover Sport,2025,0,
SAL1L9FU7SA433203,LAND ROVER,Range Rover Sport,2025,0,
SAL1L9FU7SA445352,LAND ROVER,Range Rover Sport,2025,0,
SAL1L9FU7SA446744,LAND ROVER,Range Rover Sport,2025,0,
SAL1L9FU7SA447523,LAND ROVER,Range Rover Sport,2025,0,
SAL1L9FU8RA173226,LAND ROVER,Range Rover Sport,2024,0,
SAL1L9FU8RA174800,LAND ROVER,Range Rover Sport,2024,0,
SAL1L9FU8RA188194,LAND ROVER,Range Rover Sport,2024,0,
SAL1L9FU8RA191158,LAND ROVER,Range Rover Sport,2024,0,
SAL1L9FU8RA191239,LAND ROVER,Range Rover Sport,2024,0,
SAL1L9FU8RA401452,LAND ROVER,Range Rover Sport,2024,0,
SAL1L9FU8RA409969,LAND ROVER,Range Rover Sport,2024,0,
SAL1L9FU8RA411477,LAND ROVER,Range Rover Sport,2024,0,
SAL1L9FU8RA419742,LAND ROVER,Range Rover Sport,2024,0,
SAL1L9FU8RA421684,LAND ROVER,Range Rover Sport,2024,0,
SAL1L9FU8SA427507,LAND ROVER,Range Rover Sport,2025,0,
SAL1L9FU8SA427653,LAND ROVER,Range Rover Sport,2025,0,
SAL1L9FU8SA429421,LAND ROVER,Range Rover Sport,2025,0,
SAL1L9FU8SA430732,LAND ROVER,Range Rover Sport,2025,0,
SAL1L9FU8SA430908,LAND ROVER,Range Rover Sport,2025,0,
SAL1L9FU8SA434585,LAND ROVER,Range Rover Sport,2025,0,
SAL1L9FU8SA437261,LAND ROVER,Range Rover Sport,2025,0,
SAL1L9FU8SA438765,LAND ROVER,Range Rover Sport,2025,0,
SAL1L9FU8SA438832,LAND ROVER,Range Rover Sport,2025,0,
SAL1L9FU8SA441813,LAND ROVER,Range Rover Sport,2025,0,
SAL1L9FU8SA443836,LAND ROVER,Range Rover Sport,2025,0,
SAL1L9FU8SA443982,LAND ROVER,Range Rover Sport,2025,0,
SAL1L9FU8SA444842,LAND ROVER,Range Rover Sport,2025,0,
SAL1L9FU9RA189421,LAND ROVER,Range Rover Sport,2024,0,
SAL1L9FU9RA407468,LAND ROVER,Range Rover Sport,2024,0,
SAL1L9FU9RA408233,LAND ROVER,Range Rover Sport,2024,0,
SAL1L9FU9RA410323,LAND ROVER,Range Rover Sport,2024,0,
SAL1L9FU9RA412301,LAND ROVER,Range Rover Sport,2024,0,
SAL1L9FU9RA414582,LAND ROVER,Range Rover Sport,2024,0,
SAL1L9FU9RA419314,LAND ROVER,Range Rover Sport,2024,0,
SAL1L9FU9RA420267,LAND ROVER,Range Rover Sport,2024,0,
SAL1L9FU9SA422395,LAND ROVER,Range Rover Sport,2025,0,
SAL1L9FU9SA422980,LAND ROVER,Range Rover Sport,2025,0,
SAL1L9FU9SA423143,LAND ROVER,Range Rover Sport,2025,0,
SAL1L9FU9SA427175,LAND ROVER,Range Rover Sport,2025,0,
SAL1L9FU9SA430870,LAND ROVER,Range Rover Sport,2025,0,
SAL1L9FU9SA431498,LAND ROVER,Range Rover Sport,2025,0,
SAL1L9FU9SA433221,LAND ROVER,Range Rover Sport,2025,0,
SAL1L9FU9SA435230,LAND ROVER,Range Rover Sport,2025,0,
SAL1L9FU9SA437317,LAND ROVER,Range Rover Sport,2025,0,
SAL1L9FU9SA445708,LAND ROVER,Range Rover Sport,2025,0,
SAL1L9FU9SA447104,LAND ROVER,Range Rover Sport,2025,0,
SAL1L9FUXRA173065,LAND ROVER,Range Rover Sport,2024,0,
SAL1L9FUXRA183546,LAND ROVER,Range Rover Sport,2024,0,
SAL1L9FUXRA183594,LAND ROVER,Range Rover Sport,2024,0,
SAL1L9FUXRA187189,LAND ROVER,Range Rover Sport,2024,0,
SAL1L9FUXRA407561,LAND ROVER,Range Rover Sport,2024,0,
SAL1L9FUXRA421427,LAND ROVER,Range Rover Sport,2024,0,
SAL1L9FUXRA421623,LAND ROVER,Range Rover Sport,2024,0,
SAL1L9FUXRA421833,LAND ROVER,Range Rover Sport,2024,0,
SAL1L9FUXRA422075,LAND ROVER,Range Rover Sport,2024,0,
SAL1L9FUXSA423345,LAND ROVER,Range Rover Sport,2025,0,
SAL1L9FUXSA431414,LAND ROVER,Range Rover Sport,2025,0,
SAL1L9FUXSA431459,LAND ROVER,Range Rover Sport,2025,0,
SAL1L9FUXSA436452,LAND ROVER,Range Rover Sport,2025,0,
SAL1L9FUXSA437097,LAND ROVER,Range Rover Sport,2025,0,
SAL1L9FUXSA438251,LAND ROVER,Range Rover Sport,2025,0,
SAL1L9FUXSA440288,LAND ROVER,Range Rover Sport,2025,0,
SAL1L9FUXSA444678,LAND ROVER,Range Rover Sport,2025,0,
SAL1M9FU0RA196707,LAND ROVER,Range Rover Sport,2024,0,
SAL1M9FU0RA405251,LAND ROVER,Range Rover Sport,2024,0,
SAL1M9FU0RA405671,LAND ROVER,Range Rover Sport,2024,0,
SAL1M9FU0RA406321,LAND ROVER,Range Rover Sport,2024,0,
SAL1M9FU0RA406366,LAND ROVER,Range Rover Sport,2024,0,
SAL1M9FU0RA408747,LAND ROVER,Range Rover Sport,2024,0,
SAL1M9FU0RA412698,LAND ROVER,Range Rover Sport,2024,0,
SAL1M9FU0RA415469,LAND ROVER,Range Rover Sport,2024,0,
SAL1M9FU0RA419182,LAND ROVER,Range Rover Sport,2024,0,
SAL1M9FU0RA421496,LAND ROVER,Range Rover Sport,2024,0,
SAL1M9FU0SA430141,LAND ROVER,Range Rover Sport,2025,0,
SAL1M9FU0SA430723,LAND ROVER,Range Rover Sport,2025,0,
SAL1M9FU0SA431256,LAND ROVER,Range Rover Sport,2025,0,
SAL1M9FU0SA431306,LAND ROVER,Range Rover Sport,2025,0,
SAL1M9FU0SA434819,LAND ROVER,Range Rover Sport,2025,0,
SAL1M9FU0SA435260,LAND ROVER,Range Rover Sport,2025,0,
SAL1M9FU0SA437266,LAND ROVER,Range Rover Sport,2025,0,
SAL1M9FU0SA439423,LAND ROVER,Range Rover Sport,2025,0,
SAL1M9FU0SA444069,LAND ROVER,Range Rover Sport,2025,0,
SAL1M9FU0SA444136,LAND ROVER,Range Rover Sport,2025,0,
SAL1M9FU0SA447148,LAND ROVER,Range Rover Sport,2025,0,
SAL1M9FU1RA178166,LAND ROVER,Range Rover Sport,2024,0,
SAL1M9FU1RA193315,LAND ROVER,Range Rover Sport,2024,0,
SAL1M9FU1RA195100,LAND ROVER,Range Rover Sport,2024,0,
SAL1M9FU1RA405291,LAND ROVER,Range Rover Sport,2024,0,
SAL1M9FU1RA406327,LAND ROVER,Range Rover Sport,2024,0,
SAL1M9FU1RA406344,LAND ROVER,Range Rover Sport,2024,0,
SAL1M9FU1RA406781,LAND ROVER,Range Rover Sport,2024,0,
SAL1M9FU1RA407736,LAND ROVER,Range Rover Sport,2024,0,
SAL1M9FU1RA412502,LAND ROVER,Range Rover Sport,2024,0,
SAL1M9FU1RA412581,LAND ROVER,Range Rover Sport,2024,0,
SAL1M9FU1RA412645,LAND ROVER,Range Rover Sport,2024,0,
SAL1M9FU1RA413729,LAND ROVER,Range Rover Sport,2024,0,
SAL1M9FU1RA414315,LAND ROVER,Range Rover Sport,2024,0,
SAL1M9FU1RA417411,LAND ROVER,Range Rover Sport,2024,0,
SAL1M9FU1RA419918,LAND ROVER,Range Rover Sport,2024,0,
SAL1M9FU1RA421345,LAND ROVER,Range Rover Sport,2024,0,
SAL1M9FU1SA423022,LAND ROVER,Range Rover Sport,2025,0,
SAL1M9FU1SA430794,LAND ROVER,Range Rover Sport,2025,0,
SAL1M9FU1SA444775,LAND ROVER,Range Rover Sport,2025,0,
SAL1M9FU1SA445991,LAND ROVER,Range Rover Sport,2025,0,
SAL1M9FU1SA446767,LAND ROVER,Range Rover Sport,2025,0,
SAL1M9FU2RA177446,LAND ROVER,Range Rover Sport,2024,0,
SAL1M9FU2RA186101,LAND ROVER,Range Rover Sport,2024,0,
SAL1M9FU2RA407356,LAND ROVER,Range Rover Sport,2024,0,
SAL1M9FU2RA407440,LAND ROVER,Range Rover Sport,2024,0,
SAL1M9FU2RA411679,LAND ROVER,Range Rover Sport,2024,0,
SAL1M9FU2RA412847,LAND ROVER,Range Rover Sport,2024,0,
SAL1M9FU2RA412881,LAND ROVER,Range Rover Sport,2024,0,
SAL1M9FU2RA419992,LAND ROVER,Range Rover Sport,2024,0,
SAL1M9FU2SA423207,LAND ROVER,Range Rover Sport,2025,0,
SAL1M9FU2SA430366,LAND ROVER,Range Rover Sport,2025,0,
SAL1M9FU2SA433476,LAND ROVER,Range Rover Sport,2025,0,
SAL1M9FU2SA444638,LAND ROVER,Range Rover Sport,2025,0,
SAL1M9FU2SA444753,LAND ROVER,Range Rover Sport,2025,0,
SAL1M9FU2SA445904,LAND ROVER,Range Rover Sport,2025,0,
SAL1M9FU3RA192554,LAND ROVER,Range Rover Sport,2024,0,
SAL1M9FU3RA193378,LAND ROVER,Range Rover Sport,2024,0,
SAL1M9FU3RA406314,LAND ROVER,Range Rover Sport,2024,0,
SAL1M9FU3RA406555,LAND ROVER,Range Rover Sport,2024,0,
SAL1M9FU3RA406989,LAND ROVER,Range Rover Sport,2024,0,
SAL1M9FU3RA407267,LAND ROVER,Range Rover Sport,2024,0,
SAL1M9FU3RA412663,LAND ROVER,Range Rover Sport,2024,0,
SAL1M9FU3RA414462,LAND ROVER,Range Rover Sport,2024,0,
SAL1M9FU3RA416129,LAND ROVER,Range Rover Sport,2024,0,
SAL1M9FU3RA420276,LAND ROVER,Range Rover Sport,2024,0,
SAL1M9FU3SA423278,LAND ROVER,Range Rover Sport,2025,0,
SAL1M9FU3SA423328,LAND ROVER,Range Rover Sport,2025,0,
SAL1M9FU3SA427122,LAND ROVER,Range Rover Sport,2025,0,
SAL1M9FU3SA429517,LAND ROVER,Range Rover Sport,2025,0,
SAL1M9FU3SA430750,LAND ROVER,Range Rover Sport,2025,0,
SAL1M9FU3SA434085,LAND ROVER,Range Rover Sport,2025,0,
SAL1M9FU3SA436046,LAND ROVER,Range Rover Sport,2025,0,
SAL1M9FU3SA436094,LAND ROVER,Range Rover Sport,2025,0,
SAL1M9FU3SA437729,LAND ROVER,Range Rover Sport,2025,0,
SAL1M9FU3SA440954,LAND ROVER,Range Rover Sport,2025,0,
SAL1M9FU3SA444521,LAND ROVER,Range Rover Sport,2025,0,
SAL1M9FU3SA446544,LAND ROVER,Range Rover Sport,2025,0,
SAL1M9FU3SA447791,LAND ROVER,Range Rover Sport,2025,0,
SAL1M9FU4RA180008,LAND ROVER,Range Rover Sport,2024,0,
SAL1M9FU4RA193289,LAND ROVER,Range Rover Sport,2024,0,
SAL1M9FU4RA196838,LAND ROVER,Range Rover Sport,2024,0,
SAL1M9FU4RA406631,LAND ROVER,Range Rover Sport,2024,0,
SAL1M9FU4RA406953,LAND ROVER,Range Rover Sport,2024,0,
SAL1M9FU4RA408931,LAND ROVER,Range Rover Sport,2024,0,
SAL1M9FU4RA411523,LAND ROVER,Range Rover Sport,2024,0,
SAL1M9FU4RA412221,LAND ROVER,Range Rover Sport,2024,0,
SAL1M9FU4RA412395,LAND ROVER,Range Rover Sport,2024,0,
SAL1M9FU4RA412543,LAND ROVER,Range Rover Sport,2024,0,
SAL1M9FU4RA413305,LAND ROVER,Range Rover Sport,2024,0,
SAL1M9FU4RA418200,LAND ROVER,Range Rover Sport,2024,0,
SAL1M9FU4RA421890,LAND ROVER,Range Rover Sport,2024,0,
SAL1M9FU4SA422253,LAND ROVER,Range Rover Sport,2025,0,
SAL1M9FU4SA423239,LAND ROVER,Range Rover Sport,2025,0,
SAL1M9FU4SA431552,LAND ROVER,Range Rover Sport,2025,0,
SAL1M9FU4SA438422,LAND ROVER,Range Rover Sport,2025,0,
SAL1M9FU4SA439344,LAND ROVER,Range Rover Sport,2025,0,
SAL1M9FU4SA443572,LAND ROVER,Range Rover Sport,2025,0,
SAL1M9FU4SA449257,LAND ROVER,Range Rover Sport,2025,0,
SAL1M9FU5RA173908,LAND ROVER,Range Rover Sport,2024,0,
SAL1M9FU5RA180843,LAND ROVER,Range Rover Sport,2024,0,
SAL1M9FU5RA187341,LAND ROVER,Range Rover Sport,2024,0,
SAL1M9FU5RA189445,LAND ROVER,Range Rover Sport,2024,0,
SAL1M9FU5RA194192,LAND ROVER,Range Rover Sport,2024,0,
SAL1M9FU5RA406573,LAND ROVER,Range Rover Sport,2024,0,
SAL1M9FU5RA412129,LAND ROVER,Range Rover Sport,2024,0,
SAL1M9FU5RA412244,LAND ROVER,Range Rover Sport,2024,0,
SAL1M9FU5RA413331,LAND ROVER,Range Rover Sport,2024,0,
SAL1M9FU5RA415127,LAND ROVER,Range Rover Sport,2024,0,
SAL1M9FU5RA421705,LAND ROVER,Range Rover Sport,2024,0,
SAL1M9FU5SA430328,LAND ROVER,Range Rover Sport,2025,0,
SAL1M9FU5SA431527,LAND ROVER,Range Rover Sport,2025,0,
SAL1M9FU5SA438364,LAND ROVER,Range Rover Sport,2025,0,
SAL1M9FU5SA438879,LAND ROVER,Range Rover Sport,2025,0,
SAL1M9FU5SA444486,LAND ROVER,Range Rover Sport,2025,0,
SAL1M9FU5SA446688,LAND ROVER,Range Rover Sport,2025,0,
SAL1M9FU5SA446772,LAND ROVER,Range Rover Sport,2025,0,
SAL1M9FU6RA190586,LAND ROVER,Range Rover Sport,2024,0,
SAL1M9FU6RA191446,LAND ROVER,Range Rover Sport,2024,0,
SAL1M9FU6RA192936,LAND ROVER,Range Rover Sport,2024,0,
SAL1M9FU6RA199482,LAND ROVER,Range Rover Sport,2024,0,
SAL1M9FU6RA406307,LAND ROVER,Range Rover Sport,2024,0,
SAL1M9FU6RA406470,LAND ROVER,Range Rover Sport,2024,0,
SAL1M9FU6RA406503,LAND ROVER,Range Rover Sport,2024,0,
SAL1M9FU6RA409241,LAND ROVER,Range Rover Sport,2024,0,
SAL1M9FU6RA410518,LAND ROVER,Range Rover Sport,2024,0,
SAL1M9FU6RA412205,LAND ROVER,Range Rover Sport,2024,0,
SAL1M9FU6RA414679,LAND ROVER,Range Rover Sport,2024,0,
SAL1M9FU6RA414861,LAND ROVER,Range Rover Sport,2024,0,
SAL1M9FU6RA415721,LAND ROVER,Range Rover Sport,2024,0,
SAL1M9FU6RA422068,LAND ROVER,Range Rover Sport,2024,0,
SAL1M9FU6SA430189,LAND ROVER,Range Rover Sport,2025,0,
SAL1M9FU6SA437076,LAND ROVER,Range Rover Sport,2025,0,
SAL1M9FU6SA438972,LAND ROVER,Range Rover Sport,2025,0,
SAL1M9FU6SA446182,LAND ROVER,Range Rover Sport,2025,0,
SAL1M9FU6SA446506,LAND ROVER,Range Rover Sport,2025,0,
SAL1M9FU7RA178415,LAND ROVER,Range Rover Sport,2024,0,
SAL1M9FU7RA183856,LAND ROVER,Range Rover Sport,2024,0,
SAL1M9FU7RA193416,LAND ROVER,Range Rover Sport,2024,0,
SAL1M9FU7RA195084,LAND ROVER,Range Rover Sport,2024,0,
SAL1M9FU7RA406137,LAND ROVER,Range Rover Sport,2024,0,
SAL1M9FU7RA406249,LAND ROVER,Range Rover Sport,2024,0,
SAL1M9FU7RA407031,LAND ROVER,Range Rover Sport,2024,0,
SAL1M9FU7RA407076,LAND ROVER,Range Rover Sport,2024,0,
SAL1M9FU7RA411631,LAND ROVER,Range Rover Sport,2024,0,
SAL1M9FU7RA417509,LAND ROVER,Range Rover Sport,2024,0,
SAL1M9FU7RA418465,LAND ROVER,Range Rover Sport,2024,0,
SAL1M9FU7RA419924,LAND ROVER,Range Rover Sport,2024,0,
SAL1M9FU7RA421740,LAND ROVER,Range Rover Sport,2024,0,
SAL1M9FU7SA423039,LAND ROVER,Range Rover Sport,2025,0,
SAL1M9FU7SA423252,LAND ROVER,Range Rover Sport,2025,0,
SAL1M9FU7SA423347,LAND ROVER,Range Rover Sport,2025,0,
SAL1M9FU7SA427544,LAND ROVER,Range Rover Sport,2025,0,
SAL1M9FU7SA428886,LAND ROVER,Range Rover Sport,2025,0,
SAL1M9FU7SA430797,LAND ROVER,Range Rover Sport,2025,0,
SAL1M9FU7SA431917,LAND ROVER,Range Rover Sport,2025,0,
SAL1M9FU7SA432730,LAND ROVER,Range Rover Sport,2025,0,
SAL1M9FU7SA434218,LAND ROVER,Range Rover Sport,2025,0,
SAL1M9FU7SA435739,LAND ROVER,Range Rover Sport,2025,0,
SAL1M9FU7SA437409,LAND ROVER,Range Rover Sport,2025,0,
SAL1M9FU7SA437586,LAND ROVER,Range Rover Sport,2025,0,
SAL1M9FU7SA438592,LAND ROVER,Range Rover Sport,2025,0,
SAL1M9FU7SA441105,LAND ROVER,Range Rover Sport,2025,0,
SAL1M9FU7SA443744,LAND ROVER,Range Rover Sport,2025,0,
SAL1M9FU8RA182277,LAND ROVER,Range Rover Sport,2024,0,
SAL1M9FU8RA404705,LAND ROVER,Range Rover Sport,2024,0,
SAL1M9FU8RA406468,LAND ROVER,Range Rover Sport,2024,0,
SAL1M9FU8RA406552,LAND ROVER,Range Rover Sport,2024,0,
SAL1M9FU8RA406678,LAND ROVER,Range Rover Sport,2024,0,
SAL1M9FU8RA406857,LAND ROVER,Range Rover Sport,2024,0,
SAL1M9FU8RA411427,LAND ROVER,Range Rover Sport,2024,0,
SAL1M9FU8RA412562,LAND ROVER,Range Rover Sport,2024,0,
SAL1M9FU8RA414859,LAND ROVER,Range Rover Sport,2024,0,
SAL1M9FU8RA415185,LAND ROVER,Range Rover Sport,2024,0,
SAL1M9FU8RA415719,LAND ROVER,Range Rover Sport,2024,0,
SAL1M9FU8RA421472,LAND ROVER,Range Rover Sport,2024,0,
SAL1M9FU8SA422854,LAND ROVER,Range Rover Sport,2025,0,
SAL1M9FU8SA423003,LAND ROVER,Range Rover Sport,2025,0,
SAL1M9FU8SA423258,LAND ROVER,Range Rover Sport,2025,0,
SAL1M9FU8SA431165,LAND ROVER,Range Rover Sport,2025,0,
SAL1M9FU8SA433742,LAND ROVER,Range Rover Sport,2025,0,
SAL1M9FU8SA436253,LAND ROVER,Range Rover Sport,2025,0,
SAL1M9FU8SA437130,LAND ROVER,Range Rover Sport,2025,0,
SAL1M9FU8SA439024,LAND ROVER,Range Rover Sport,2025,0,
SAL1M9FU8SA441355,LAND ROVER,Range Rover Sport,2025,0,
SAL1M9FU8SA443641,LAND ROVER,Range Rover Sport,2025,0,
SAL1M9FU8SA447804,LAND ROVER,Range Rover Sport,2025,0,
SAL1M9FU9RA193238,LAND ROVER,Range Rover Sport,2024,0,
SAL1M9FU9RA194003,LAND ROVER,Range Rover Sport,2024,0,
SAL1M9FU9RA196656,LAND ROVER,Range Rover Sport,2024,0,
SAL1M9FU9RA401831,LAND ROVER,Range Rover Sport,2024,0,
SAL1M9FU9RA406513,LAND ROVER,Range Rover Sport,2024,0,
SAL1M9FU9RA406740,LAND ROVER,Range Rover Sport,2024,0,
SAL1M9FU9RA407662,LAND ROVER,Range Rover Sport,2024,0,
SAL1M9FU9RA408049,LAND ROVER,Range Rover Sport,2024,0,
SAL1M9FU9RA412571,LAND ROVER,Range Rover Sport,2024,0,
SAL1M9FU9RA414417,LAND ROVER,Range Rover Sport,2024,0,
SAL1M9FU9RA414658,LAND ROVER,Range Rover Sport,2024,0,
SAL1M9FU9RA416054,LAND ROVER,Range Rover Sport,2024,0,
SAL1M9FU9RA418113,LAND ROVER,Range Rover Sport,2024,0,
SAL1M9FU9RA418385,LAND ROVER,Range Rover Sport,2024,0,
SAL1M9FU9SA422202,LAND ROVER,Range Rover Sport,2025,0,
SAL1M9FU9SA430722,LAND ROVER,Range Rover Sport,2025,0,
SAL1M9FU9SA430882,LAND ROVER,Range Rover Sport,2025,0,
SAL1M9FU9SA431028,LAND ROVER,Range Rover Sport,2025,0,
SAL1M9FU9SA432647,LAND ROVER,Range Rover Sport,2025,0,
SAL1M9FU9SA433183,LAND ROVER,Range Rover Sport,2025,0,
SAL1M9FU9SA434124,LAND ROVER,Range Rover Sport,2025,0,
SAL1M9FU9SA438223,LAND ROVER,Range Rover Sport,2025,0,
SAL1M9FU9SA441557,LAND ROVER,Range Rover Sport,2025,0,
SAL1M9FU9SA441722,LAND ROVER,Range Rover Sport,2025,0,
SAL1M9FU9SA443180,LAND ROVER,Range Rover Sport,2025,0,
SAL1M9FU9SA443955,LAND ROVER,Range Rover Sport,2025,0,
SAL1M9FU9SA444166,LAND ROVER,Range Rover Sport,2025,0,
SAL1M9FUXRA182006,LAND ROVER,Range Rover Sport,2024,0,
SAL1M9FUXRA183639,LAND ROVER,Range Rover Sport,2024,0,
SAL1M9FUXRA187478,LAND ROVER,Range Rover Sport,2024,0,
SAL1M9FUXRA189733,LAND ROVER,Range Rover Sport,2024,0,
SAL1M9FUXRA191322,LAND ROVER,Range Rover Sport,2024,0,
SAL1M9FUXRA193524,LAND ROVER,Range Rover Sport,2024,0,
SAL1M9FUXRA406116,LAND ROVER,Range Rover Sport,2024,0,
SAL1M9FUXRA406357,LAND ROVER,Range Rover Sport,2024,0,
SAL1M9FUXRA406407,LAND ROVER,Range Rover Sport,2024,0,
SAL1M9FUXRA406729,LAND ROVER,Range Rover Sport,2024,0,
SAL1M9FUXRA407122,LAND ROVER,Range Rover Sport,2024,0,
SAL1M9FUXRA410604,LAND ROVER,Range Rover Sport,2024,0,
SAL1M9FUXRA411266,LAND ROVER,Range Rover Sport,2024,0,
SAL1M9FUXRA414216,LAND ROVER,Range Rover Sport,2024,0,
SAL1M9FUXRA416788,LAND ROVER,Range Rover Sport,2024,0,
SAL1M9FUXRA417519,LAND ROVER,Range Rover Sport,2024,0,
SAL1M9FUXRA419691,LAND ROVER,Range Rover Sport,2024,0,
SAL1M9FUXRA419738,LAND ROVER,Range Rover Sport,2024,0,
SAL1M9FUXRA421571,LAND ROVER,Range Rover Sport,2024,0,
SAL1M9FUXSA423116,LAND ROVER,Range Rover Sport,2025,0,
SAL1M9FUXSA423178,LAND ROVER,Range Rover Sport,2025,0,
SAL1M9FUXSA428526,LAND ROVER,Range Rover Sport,2025,0,
SAL1M9FUXSA430017,LAND ROVER,Range Rover Sport,2025,0,
SAL1M9FUXSA431345,LAND ROVER,Range Rover Sport,2025,0,
SAL1M9FUXSA432897,LAND ROVER,Range Rover Sport,2025,0,
SAL1M9FUXSA437176,LAND ROVER,Range Rover Sport,2025,0,
SAL1M9FUXSA437517,LAND ROVER,Range Rover Sport,2025,0,
SAL1M9FUXSA441339,LAND ROVER,Range Rover Sport,2025,0,
SAL1M9FUXSA441941,LAND ROVER,Range Rover Sport,2025,0,
SAL1M9FUXSA443852,LAND ROVER,Range Rover Sport,2025,0,
SAL1M9FUXSA444144,LAND ROVER,Range Rover Sport,2025,0,
SAL1Z9F90RA188149,LAND ROVER,Range Rover Sport,2024,0,
SAL1Z9F90RA197207,LAND ROVER,Range Rover Sport,2024,0,
SAL1Z9F90SA430539,LAND ROVER,Range Rover Sport,2025,0,
SAL1Z9F91RA188645,LAND ROVER,Range Rover Sport,2024,0,
SAL1Z9F91RA193666,LAND ROVER,Range Rover Sport,2024,0,
SAL1Z9F91RA193764,LAND ROVER,Range Rover Sport,2024,0,
SAL1Z9F91RA412206,LAND ROVER,Range Rover Sport,2024,0,
SAL1Z9F93RA197346,LAND ROVER,Range Rover Sport,2024,0,
SAL1Z9F95RA192228,LAND ROVER,Range Rover Sport,2024,0,
SAL1Z9F95RA402987,LAND ROVER,Range Rover Sport,2024,0,
SAL1Z9F96RA404537,LAND ROVER,Range Rover Sport,2024,0,
SAL1Z9F97RA413084,LAND ROVER,Range Rover Sport,2024,0,
SAL1Z9F98RA195026,LAND ROVER,Range Rover Sport,2024,0,
SAL1Z9F98RA410212,LAND ROVER,Range Rover Sport,2024,0,
SAL1Z9F98RA410601,LAND ROVER,Range Rover Sport,2024,0,
SAL1Z9F99SA429275,LAND ROVER,Range Rover Sport,2025,0,
SAL1Z9F9XRA193228,LAND ROVER,Range Rover Sport,2024,0,
SAL1Z9F9XSA429270,LAND ROVER,Range Rover Sport,2025,0,
SALCL2FX0RH342933,LAND ROVER,Discovery Sport,2024,0,
SALCL2FX0RH343564,LAND ROVER,Discovery Sport,2024,0,
SALCL2FX0RH344357,LAND ROVER,Discovery Sport,2024,0,
SALCL2FX0RH347274,LAND ROVER,Discovery Sport,2024,0,
SALCL2FX0RH347596,LAND ROVER,Discovery Sport,2024,0,
SALCL2FX0SH353260,LAND ROVER,Discovery Sport,2025,0,
SALCL2FX0SH354067,LAND ROVER,Discovery Sport,2025,0,
SALCL2FX0SH357213,LAND ROVER,Discovery Sport,2025,0,
SALCL2FX0SH360256,LAND ROVER,Discovery Sport,2025,0,
SALCL2FX0SH360287,LAND ROVER,Discovery Sport,2025,0,
SALCL2FX0SH360807,LAND ROVER,Discovery Sport,2025,0,
SALCL2FX0SH361200,LAND ROVER,Discovery Sport,2025,0,
SALCL2FX1RH344612,LAND ROVER,Discovery Sport,2024,0,
SALCL2FX1RH346487,LAND ROVER,Discovery Sport,2024,0,
SALCL2FX1RH346960,LAND ROVER,Discovery Sport,2024,0,
SALCL2FX1RH347610,LAND ROVER,Discovery Sport,2024,0,
SALCL2FX1RH347932,LAND ROVER,Discovery Sport,2024,0,
SALCL2FX1RH348644,LAND ROVER,Discovery Sport,2024,0,
SALCL2FX1SH353073,LAND ROVER,Discovery Sport,2025,0,
SALCL2FX2RH342965,LAND ROVER,Discovery Sport,2024,0,
SALCL2FX2RH343615,LAND ROVER,Discovery Sport,2024,0,
SALCL2FX2RH343680,LAND ROVER,Discovery Sport,2024,0,
SALCL2FX2RH344974,LAND ROVER,Discovery Sport,2024,0,
SALCL2FX2RH345395,LAND ROVER,Discovery Sport,2024,0,
SALCL2FX2RH349172,LAND ROVER,Discovery Sport,2024,0,
SALCL2FX2SH358606,LAND ROVER,Discovery Sport,2025,0,
SALCL2FX3RH343011,LAND ROVER,Discovery Sport,2024,0,
SALCL2FX3RH344840,LAND ROVER,Discovery Sport,2024,0,
SALCL2FX3RH344952,LAND ROVER,Discovery Sport,2024,0,
SALCL2FX3RH345972,LAND ROVER,Discovery Sport,2024,0,
SALCL2FX3RH346829,LAND ROVER,Discovery Sport,2024,0,
SALCL2FX4RH344619,LAND ROVER,Discovery Sport,2024,0,
SALCL2FX4RH344720,LAND ROVER,Discovery Sport,2024,0,
SALCL2FX4RH344846,LAND ROVER,Discovery Sport,2024,0,
SALCL2FX4RH345589,LAND ROVER,Discovery Sport,2024,0,
SALCL2FX4RH345799,LAND ROVER,Discovery Sport,2024,0,
SALCL2FX4RH347441,LAND ROVER,Discovery Sport,2024,0,
SALCL2FX4RH347570,LAND ROVER,Discovery Sport,2024,0,
SALCL2FX4SH361197,LAND ROVER,Discovery Sport,2025,0,
SALCL2FX5RH342605,LAND ROVER,Discovery Sport,2024,0,
SALCL2FX5RH342670,LAND ROVER,Discovery Sport,2024,0,
SALCL2FX5RH343110,LAND ROVER,Discovery Sport,2024,0,
SALCL2FX5RH345004,LAND ROVER,Discovery Sport,2024,0,
SALCL2FX5RH345097,LAND ROVER,Discovery Sport,2024,0,
SALCL2FX5RH345309,LAND ROVER,Discovery Sport,2024,0,
SALCL2FX5RH350994,LAND ROVER,Discovery Sport,2024,0,
SALCL2FX5SH352962,LAND ROVER,Discovery Sport,2025,0,
SALCL2FX5SH357000,LAND ROVER,Discovery Sport,2025,0,
SALCL2FX5SH360835,LAND ROVER,Discovery Sport,2025,0,
SALCL2FX6RH342807,LAND ROVER,Discovery Sport,2024,0,
SALCL2FX6RH350194,LAND ROVER,Discovery Sport,2024,0,
SALCL2FX7RH343531,LAND ROVER,Discovery Sport,2024,0,
SALCL2FX7RH344985,LAND ROVER,Discovery Sport,2024,0,
SALCL2FX7RH345599,LAND ROVER,Discovery Sport,2024,0,
SALCL2FX7SH361047,LAND ROVER,Discovery Sport,2025,0,
SALCL2FX7SH361064,LAND ROVER,Discovery Sport,2025,0,
SALCL2FX8RH347474,LAND ROVER,Discovery Sport,2024,0,
SALCL2FX8SH353071,LAND ROVER,Discovery Sport,2025,0,
SALCL2FX8SH360005,LAND ROVER,Discovery Sport,2025,0,
SALCL2FX9RH349802,LAND ROVER,Discovery Sport,2024,0,
SALCL2FX9RH350304,LAND ROVER,Discovery Sport,2024,0,
SALCL2FX9SH354777,LAND ROVER,Discovery Sport,2025,0,
SALCL2FXXRH344382,LAND ROVER,Discovery Sport,2024,0,
SALCL2FXXRH344625,LAND ROVER,Discovery Sport,2024,0,
SALCL2FXXRH344639,LAND ROVER,Discovery Sport,2024,0,
SALCL2FXXRH347573,LAND ROVER,Discovery Sport,2024,0,
SALCL2FXXRH348206,LAND ROVER,Discovery Sport,2024,0,
SALCL2FXXSH355078,LAND ROVER,Discovery Sport,2025,0,
SALCL2FXXSH360815,LAND ROVER,Discovery Sport,2025,0,
SALCM2FX0RH344436,LAND ROVER,Discovery Sport,2024,0,
SALCM2FX0RH346641,LAND ROVER,Discovery Sport,2024,0,
SALCM2FX1RH346339,LAND ROVER,Discovery Sport,2024,0,
SALCM2FX1RH350004,LAND ROVER,Discovery Sport,2024,0,
SALCM2FX4RH343211,LAND ROVER,Discovery Sport,2024,0,
SALCM2FX8RH347407,LAND ROVER,Discovery Sport,2024,0,
SALCM2FX8RH352252,LAND ROVER,Discovery Sport,2024,0,
SALCM2FX9RH344418,LAND ROVER,Discovery Sport,2024,0,
SALCM2FX9RH345746,LAND ROVER,Discovery Sport,2024,0,
SALCM2FX9RH346329,LAND ROVER,Discovery Sport,2024,0,
SALCM2FXXRH344752,LAND ROVER,Discovery Sport,2024,0,
SALE26EU0R2316832,LAND ROVER,Defender,2024,0,
SALE26EU0S2375465,LAND ROVER,Defender,2025,0,
SALE26EU2S2370865,LAND ROVER,Defender,2025,0,
SALE26EU2S2371272,LAND ROVER,Defender,2025,0,
SALE26EU2S2383678,LAND ROVER,Defender,2025,0,
SALE26EU2S2395815,LAND ROVER,Defender,2025,0,
SALE26EU4S2376523,LAND ROVER,Defender,2025,0,
SALE26EU4S2384119,LAND ROVER,Defender,2025,0,
SALE26EU9S2393608,LAND ROVER,Defender,2025,0,
SALE26EU9S2397707,LAND ROVER,Defender,2025,0,
SALE26EUXR2311797,LAND ROVER,Defender,2024,0,
SALE27EU0R2288181,LAND ROVER,Defender,2024,0,
SALE27EU0R2301897,LAND ROVER,Defender,2024,0,
SALE27EU0R2302841,LAND ROVER,Defender,2024,0,
SALE27EU0R2308753,LAND ROVER,Defender,2024,0,
SALE27EU0R2310454,LAND ROVER,Defender,2024,0,
SALE27EU0R2312706,LAND ROVER,Defender,2024,0,
SALE27EU0R2316352,LAND ROVER,Defender,2024,0,
SALE27EU0R2317789,LAND ROVER,Defender,2024,0,
SALE27EU0R2318585,LAND ROVER,Defender,2024,0,
SALE27EU0R2319090,LAND ROVER,Defender,2024,0,
SALE27EU0R2320966,LAND ROVER,Defender,2024,0,
SALE27EU0S2366139,LAND ROVER,Defender,2025,0,
SALE27EU0S2377609,LAND ROVER,Defender,2025,0,
SALE27EU0S2383474,LAND ROVER,Defender,2025,0,
SALE27EU0S2387377,LAND ROVER,Defender,2025,0,
SALE27EU0S2389260,LAND ROVER,Defender,2025,0,
SALE27EU1R2290876,LAND ROVER,Defender,2024,0,
SALE27EU1R2309099,LAND ROVER,Defender,2024,0,
SALE27EU1R2312262,LAND ROVER,Defender,2024,0,
SALE27EU1R2317090,LAND ROVER,Defender,2024,0,
SALE27EU1R2330650,LAND ROVER,Defender,2024,0,
SALE27EU1R2343706,LAND ROVER,Defender,2024,0,
SALE27EU1S2387016,LAND ROVER,Defender,2025,0,
SALE27EU1S2389820,LAND ROVER,Defender,2025,0,
SALE27EU1S2396976,LAND ROVER,Defender,2025,0,
SALE27EU2R2290174,LAND ROVER,Defender,2024,0,
SALE27EU2R2297237,LAND ROVER,Defender,2024,0,
SALE27EU2R2300587,LAND ROVER,Defender,2024,0,
SALE27EU2R2313419,LAND ROVER,Defender,2024,0,
SALE27EU2R2317065,LAND ROVER,Defender,2024,0,
SALE27EU2R2321861,LAND ROVER,Defender,2024,0,
SALE27EU2R2328728,LAND ROVER,Defender,2024,0,
SALE27EU2R2345903,LAND ROVER,Defender,2024,0,
SALE27EU2S2378034,LAND ROVER,Defender,2025,0,
SALE27EU2S2380477,LAND ROVER,Defender,2025,0,
SALE27EU2S2386781,LAND ROVER,Defender,2025,0,
SALE27EU2S2387039,LAND ROVER,Defender,2025,0,
SALE27EU2S2387171,LAND ROVER,Defender,2025,0,
SALE27EU2S2388174,LAND ROVER,Defender,2025,0,
SALE27EU2S2388370,LAND ROVER,Defender,2025,0,
SALE27EU2S2394847,LAND ROVER,Defender,2025,0,
SALE27EU3R2297215,LAND ROVER,Defender,2024,0,
SALE27EU3R2306172,LAND ROVER,Defender,2024,0,
SALE27EU3R2313638,LAND ROVER,Defender,2024,0,
SALE27EU3R2319102,LAND ROVER,Defender,2024,0,
SALE27EU3R2330455,LAND ROVER,Defender,2024,0,
SALE27EU3S2368046,LAND ROVER,Defender,2025,0,
SALE27EU3S2372002,LAND ROVER,Defender,2025,0,
SALE27EU3S2375627,LAND ROVER,Defender,2025,0,
SALE27EU3S2376616,LAND ROVER,Defender,2025,0,
SALE27EU3S2377233,LAND ROVER,Defender,2025,0,
SALE27EU3S2378219,LAND ROVER,Defender,2025,0,
SALE27EU3S2380312,LAND ROVER,Defender,2025,0,
SALE27EU3S2388829,LAND ROVER,Defender,2025,0,
SALE27EU3S2390872,LAND ROVER,Defender,2025,0,
SALE27EU3S2394954,LAND ROVER,Defender,2025,0,
SALE27EU3S2396235,LAND ROVER,Defender,2025,0,
SALE27EU3S2401675,LAND ROVER,Defender,2025,0,
SALE27EU3S2401885,LAND ROVER,Defender,2025,0,
SALE27EU4R2293559,LAND ROVER,Defender,2024,0,
SALE27EU4R2299474,LAND ROVER,Defender,2024,0,
SALE27EU4R2306195,LAND ROVER,Defender,2024,0,
SALE27EU4R2311963,LAND ROVER,Defender,2024,0,
SALE27EU4R2313857,LAND ROVER,Defender,2024,0,
SALE27EU4R2314569,LAND ROVER,Defender,2024,0,
SALE27EU4R2318914,LAND ROVER,Defender,2024,0,
SALE27EU4R2321747,LAND ROVER,Defender,2024,0,
SALE27EU4R2347992,LAND ROVER,Defender,2024,0,
SALE27EU4R2355610,LAND ROVER,Defender,2024,0,
SALE27EU4S2388340,LAND ROVER,Defender,2025,0,
SALE27EU5R2288970,LAND ROVER,Defender,2024,0,
SALE27EU5R2290105,LAND ROVER,Defender,2024,0,
SALE27EU5R2295627,LAND ROVER,Defender,2024,0,
SALE27EU5R2313494,LAND ROVER,Defender,2024,0,
SALE27EU5R2315875,LAND ROVER,Defender,2024,0,
SALE27EU5R2329291,LAND ROVER,Defender,2024,0,
SALE27EU5R2347404,LAND ROVER,Defender,2024,0,
SALE27EU5R2347760,LAND ROVER,Defender,2024,0,
SALE27EU5R2353011,LAND ROVER,Defender,2024,0,
SALE27EU5R2353865,LAND ROVER,Defender,2024,0,
SALE27EU5R2354126,LAND ROVER,Defender,2024,0,
SALE27EU5S2386600,LAND ROVER,Defender,2025,0,
SALE27EU5S2396267,LAND ROVER,Defender,2025,0,
SALE27EU6R2292428,LAND ROVER,Defender,2024,0,
SALE27EU6R2295006,LAND ROVER,Defender,2024,0,
SALE27EU6R2303086,LAND ROVER,Defender,2024,0,
SALE27EU6R2314573,LAND ROVER,Defender,2024,0,
SALE27EU6R2315657,LAND ROVER,Defender,2024,0,
SALE27EU6R2346939,LAND ROVER,Defender,2024,0,
SALE27EU6R2355723,LAND ROVER,Defender,2024,0,
SALE27EU6S2376190,LAND ROVER,Defender,2025,0,
SALE27EU6S2386329,LAND ROVER,Defender,2025,0,
SALE27EU6S2387500,LAND ROVER,Defender,2025,0,
SALE27EU7R2286931,LAND ROVER,Defender,2024,0,
SALE27EU7R2288372,LAND ROVER,Defender,2024,0,
SALE27EU7R2296326,LAND ROVER,Defender,2024,0,
SALE27EU7R2303016,LAND ROVER,Defender,2024,0,
SALE27EU7R2317109,LAND ROVER,Defender,2024,0,
SALE27EU7R2321628,LAND ROVER,Defender,2024,0,
SALE27EU7R2321774,LAND ROVER,Defender,2024,0,
SALE27EU7R2328496,LAND ROVER,Defender,2024,0,
SALE27EU7R2329308,LAND ROVER,Defender,2024,0,
SALE27EU7R2343340,LAND ROVER,Defender,2024,0,
SALE27EU7S2375792,LAND ROVER,Defender,2025,0,
SALE27EU8R2287229,LAND ROVER,Defender,2024,0,
SALE27EU8R2298683,LAND ROVER,Defender,2024,0,
SALE27EU8R2307365,LAND ROVER,Defender,2024,0,
SALE27EU8R2308824,LAND ROVER,Defender,2024,0,
SALE27EU8R2321086,LAND ROVER,Defender,2024,0,
SALE27EU8R2351284,LAND ROVER,Defender,2024,0,
SALE27EU8S2382623,LAND ROVER,Defender,2025,0,
SALE27EU8S2385196,LAND ROVER,Defender,2025,0,
SALE27EU9R2280158,LAND ROVER,Defender,2024,0,
SALE27EU9R2286848,LAND ROVER,Defender,2024,0,
SALE27EU9R2288454,LAND ROVER,Defender,2024,0,
SALE27EU9R2290544,LAND ROVER,Defender,2024,0,
SALE27EU9R2292696,LAND ROVER,Defender,2024,0,
SALE27EU9R2306001,LAND ROVER,Defender,2024,0,
SALE27EU9R2313997,LAND ROVER,Defender,2024,0,
SALE27EU9R2318486,LAND ROVER,Defender,2024,0,
SALE27EU9R2329780,LAND ROVER,Defender,2024,0,
SALE27EU9R2330511,LAND ROVER,Defender,2024,0,
SALE27EU9R2345980,LAND ROVER,Defender,2024,0,
SALE27EU9R2347695,LAND ROVER,Defender,2024,0,
SALE27EU9R2349902,LAND ROVER,Defender,2024,0,
SALE27EU9R2355652,LAND ROVER,Defender,2024,0,
SALE27EU9S2375535,LAND ROVER,Defender,2025,0,
SALE27EU9S2377253,LAND ROVER,Defender,2025,0,
SALE27EU9S2384199,LAND ROVER,Defender,2025,0,
SALE27EU9S2390858,LAND ROVER,Defender,2025,0,
SALE27EU9S2393176,LAND ROVER,Defender,2025,0,
SALE27EUXR2290410,LAND ROVER,Defender,2024,0,
SALE27EUXR2290505,LAND ROVER,Defender,2024,0,
SALE27EUXR2291170,LAND ROVER,Defender,2024,0,
SALE27EUXR2291623,LAND ROVER,Defender,2024,0,
SALE27EUXR2297079,LAND ROVER,Defender,2024,0,
SALE27EUXR2301633,LAND ROVER,Defender,2024,0,
SALE27EUXR2303298,LAND ROVER,Defender,2024,0,
SALE27EUXR2314298,LAND ROVER,Defender,2024,0,
SALE27EUXR2321879,LAND ROVER,Defender,2024,0,
SALE27EUXR2346197,LAND ROVER,Defender,2024,0,
SALE27EUXS2375091,LAND ROVER,Defender,2025,0,
SALE27EUXS2376161,LAND ROVER,Defender,2025,0,
SALE27EUXS2377567,LAND ROVER,Defender,2025,0,
SALE27EUXS2383417,LAND ROVER,Defender,2025,0,
SALE27EUXS2387001,LAND ROVER,Defender,2025,0,
SALE27EUXS2388262,LAND ROVER,Defender,2025,0,
SALE27EUXS2395244,LAND ROVER,Defender,2025,0,
SALE27EUXS2399455,LAND ROVER,Defender,2025,0,
SALE27EUXS2399746,LAND ROVER,Defender,2025,0,
SALE2EEU0R2352708,LAND ROVER,Defender,2024,0,
SALE2EEU1S2383715,LAND ROVER,Defender,2025,0,
SALE2EEU2R2302070,LAND ROVER,Defender,2024,0,
SALE2EEU2R2320729,LAND ROVER,Defender,2024,0,
SALE2EEU2R2329639,LAND ROVER,Defender,2024,0,
SALE2EEU2S2375543,LAND ROVER,Defender,2025,0,
SALE2EEU2S2398319,LAND ROVER,Defender,2025,0,
SALE2EEU3S2386048,LAND ROVER,Defender,2025,0,
SALE2EEU4S2377598,LAND ROVER,Defender,2025,0,
SALE2EEU5R2300989,LAND ROVER,Defender,2024,0,
SALE2EEU5S2391851,LAND ROVER,Defender,2025,0,
SALE2EEU5S2397715,LAND ROVER,Defender,2025,0,
SALE2EEU6S2383337,LAND ROVER,Defender,2025,0,
SALE2EEU6S2387145,LAND ROVER,Defender,2025,0,
SALE2EEU7S2368961,LAND ROVER,Defender,2025,0,
SALE2EEU9S2377466,LAND ROVER,Defender,2025,0,
SALE2EEU9S2397183,LAND ROVER,Defender,2025,0,
SALE2EEUXS2397435,LAND ROVER,Defender,2025,0,
SALE2FEU0S2399734,LAND ROVER,Defender,2025,0,
SALE2FEU1S2379900,LAND ROVER,Defender,2025,0,
SALE2FEU1S2384711,LAND ROVER,Defender,2025,0,
SALE2FEU2R2341568,LAND ROVER,Defender,2024,0,
SALE2FEU3R2338954,LAND ROVER,Defender,2024,0,
SALE2FEU5R2306300,LAND ROVER,Defender,2024,0,
SALE2FEU5S2387417,LAND ROVER,Defender,2025,0,
SALE2FEU7S2368772,LAND ROVER,Defender,2025,0,
SALE2FEUXR2302808,LAND ROVER,Defender,2024,0,
SALE2FEUXR2303750,LAND ROVER,Defender,2024,0,
SALEB6EE2R2287889,LAND ROVER,Defender,2024,0,
SALEB6EE4R2304143,LAND ROVER,Defender,2024,0,
SALEBEEE1R2342116,LAND ROVER,Defender,2024,0,
SALEBEEE2R2298370,LAND ROVER,Defender,2024,0,
SALEBEEE4R2286981,LAND ROVER,Defender,2024,0,
SALEBEEE4R2301155,LAND ROVER,Defender,2024,0,
SALEBEEE4R2301558,LAND ROVER,Defender,2024,0,
SALEBEEE5R2287833,LAND ROVER,Defender,2024,0,
SALEBEEE5R2295981,LAND ROVER,Defender,2024,0,
SALEBEEE6R2290868,LAND ROVER,Defender,2024,0,
SALEBEEE7R2287963,LAND ROVER,Defender,2024,0,
SALEBEEE8R2306391,LAND ROVER,Defender,2024,0,
SALEBEEE9R2305024,LAND ROVER,Defender,2024,0,
SALEBEEE9R2333485,LAND ROVER,Defender,2024,0,
SALEBEEEXR2315027,LAND ROVER,Defender,2024,0,
SALEJ6EX0R2342442,LAND ROVER,Defender,2024,0,
SALEJ6EX0S2379433,LAND ROVER,Defender,2025,0,
SALEJ6EX2R2292482,LAND ROVER,Defender,2024,0,
SALEJ6EX4R2301117,LAND ROVER,Defender,2024,0,
SALEJ6EX4R2326602,LAND ROVER,Defender,2024,0,
SALEJ6EX7S2393636,LAND ROVER,Defender,2025,0,
SALEJ6EX9R2343346,LAND ROVER,Defender,2024,0,
SALEJ6EX9R2344819,LAND ROVER,Defender,2024,0,
SALEJ7EU0R2310330,LAND ROVER,Defender,2024,0,
SALEJ7EU0R2317066,LAND ROVER,Defender,2024,0,
SALEJ7EU1R2294865,LAND ROVER,Defender,2024,0,
SALEJ7EU1R2319148,LAND ROVER,Defender,2024,0,
SALEJ7EU1S2393269,LAND ROVER,Defender,2025,0,
SALEJ7EU2R2308255,LAND ROVER,Defender,2024,0,
SALEJ7EU2R2310233,LAND ROVER,Defender,2024,0,
SALEJ7EU2S2369708,LAND ROVER,Defender,2025,0,
SALEJ7EU2S2380871,LAND ROVER,Defender,2025,0,
SALEJ7EU3R2297024,LAND ROVER,Defender,2024,0,
SALEJ7EU3R2321323,LAND ROVER,Defender,2024,0,
SALEJ7EU3R2321712,LAND ROVER,Defender,2024,0,
SALEJ7EU3S2385447,LAND ROVER,Defender,2025,0,
SALEJ7EU5R2309299,LAND ROVER,Defender,2024,0,
SALEJ7EU5R2312588,LAND ROVER,Defender,2024,0,
SALEJ7EU5R2313515,LAND ROVER,Defender,2024,0,
SALEJ7EU5R2319086,LAND ROVER,Defender,2024,0,
SALEJ7EU5S2374319,LAND ROVER,Defender,2025,0,
SALEJ7EU6R2320568,LAND ROVER,Defender,2024,0,
SALEJ7EU7R2297219,LAND ROVER,Defender,2024,0,
SALEJ7EU7R2303374,LAND ROVER,Defender,2024,0,
SALEJ7EU7R2303679,LAND ROVER,Defender,2024,0,
SALEJ7EU7R2310857,LAND ROVER,Defender,2024,0,
SALEJ7EU8R2288576,LAND ROVER,Defender,2024,0,
SALEJ7EU8R2308809,LAND ROVER,Defender,2024,0,
SALEJ7EU8R2312388,LAND ROVER,Defender,2024,0,
SALEJ7EU8R2349103,LAND ROVER,Defender,2024,0,
SALEJ7EU9R2309984,LAND ROVER,Defender,2024,0,
SALEJ7EU9R2310357,LAND ROVER,Defender,2024,0,
SALEJ7EUXR2304552,LAND ROVER,Defender,2024,0,
SALEJ7EX0R2284452,LAND ROVER,Defender,2024,0,
SALEJ7EX0R2291255,LAND ROVER,Defender,2024,0,
SALEJ7EX0R2295760,LAND ROVER,Defender,2024,0,
SALEJ7EX0R2299095,LAND ROVER,Defender,2024,0,
SALEJ7EX0R2299369,LAND ROVER,Defender,2024,0,
SALEJ7EX0R2323962,LAND ROVER,Defender,2024,0,
SALEJ7EX0R2326683,LAND ROVER,Defender,2024,0,
SALEJ7EX0S2374819,LAND ROVER,Defender,2025,0,
SALEJ7EX0S2374982,LAND ROVER,Defender,2025,0,
SALEJ7EX0S2378644,LAND ROVER,Defender,2025,0,
SALEJ7EX0S2398814,LAND ROVER,Defender,2025,0,
SALEJ7EX1R2288669,LAND ROVER,Defender,2024,0,
SALEJ7EX1R2292009,LAND ROVER,Defender,2024,0,
SALEJ7EX1R2300089,LAND ROVER,Defender,2024,0,
SALEJ7EX1R2305728,LAND ROVER,Defender,2024,0,
SALEJ7EX1R2323713,LAND ROVER,Defender,2024,0,
SALEJ7EX1R2325865,LAND ROVER,Defender,2024,0,
SALEJ7EX1R2342861,LAND ROVER,Defender,2024,0,
SALEJ7EX1R2346747,LAND ROVER,Defender,2024,0,
SALEJ7EX1R2355349,LAND ROVER,Defender,2024,0,
SALEJ7EX1R2355691,LAND ROVER,Defender,2024,0,
SALEJ7EX1S2357365,LAND ROVER,Defender,2025,0,
SALEJ7EX1S2357737,LAND ROVER,Defender,2025,0,
SALEJ7EX1S2357964,LAND ROVER,Defender,2025,0,
SALEJ7EX1S2358452,LAND ROVER,Defender,2025,0,
SALEJ7EX1S2360072,LAND ROVER,Defender,2025,0,
SALEJ7EX1S2363988,LAND ROVER,Defender,2025,0,
SALEJ7EX1S2372433,LAND ROVER,Defender,2025,0,
SALEJ7EX1S2380998,LAND ROVER,Defender,2025,0,
SALEJ7EX1S2387143,LAND ROVER,Defender,2025,0,
SALEJ7EX1S2396344,LAND ROVER,Defender,2025,0,
SALEJ7EX2R2298630,LAND ROVER,Defender,2024,0,
SALEJ7EX2R2299714,LAND ROVER,Defender,2024,0,
SALEJ7EX2R2306421,LAND ROVER,Defender,2024,0,
SALEJ7EX2R2306905,LAND ROVER,Defender,2024,0,
SALEJ7EX2R2310999,LAND ROVER,Defender,2024,0,
SALEJ7EX2R2348281,LAND ROVER,Defender,2024,0,
SALEJ7EX2S2357875,LAND ROVER,Defender,2025,0,
SALEJ7EX2S2359450,LAND ROVER,Defender,2025,0,
SALEJ7EX2S2367760,LAND ROVER,Defender,2025,0,
SALEJ7EX2S2370433,LAND ROVER,Defender,2025,0,
SALEJ7EX2S2378516,LAND ROVER,Defender,2025,0,
SALEJ7EX2S2394540,LAND ROVER,Defender,2025,0,
SALEJ7EX3R2309716,LAND ROVER,Defender,2024,0,
SALEJ7EX3R2326029,LAND ROVER,Defender,2024,0,
SALEJ7EX3R2327116,LAND ROVER,Defender,2024,0,
SALEJ7EX3R2334843,LAND ROVER,Defender,2024,0,
SALEJ7EX3R2345308,LAND ROVER,Defender,2024,0,
SALEJ7EX3S2356783,LAND ROVER,Defender,2025,0,
SALEJ7EX3S2364513,LAND ROVER,Defender,2025,0,
SALEJ7EX3S2364723,LAND ROVER,Defender,2025,0,
SALEJ7EX3S2374734,LAND ROVER,Defender,2025,0,
SALEJ7EX3S2375074,LAND ROVER,Defender,2025,0,
SALEJ7EX3S2392568,LAND ROVER,Defender,2025,0,
SALEJ7EX4R2285667,LAND ROVER,Defender,2024,0,
SALEJ7EX4R2313659,LAND ROVER,Defender,2024,0,
SALEJ7EX4R2346337,LAND ROVER,Defender,2024,0,
SALEJ7EX4S2356727,LAND ROVER,Defender,2025,0,
SALEJ7EX4S2364018,LAND ROVER,Defender,2025,0,
SALEJ7EX4S2370269,LAND ROVER,Defender,2025,0,
SALEJ7EX4S2370577,LAND ROVER,Defender,2025,0,
SALEJ7EX5R2286326,LAND ROVER,Defender,2024,0,
SALEJ7EX5R2289257,LAND ROVER,Defender,2024,0,
SALEJ7EX5R2299805,LAND ROVER,Defender,2024,0,
SALEJ7EX5R2304808,LAND ROVER,Defender,2024,0,
SALEJ7EX5R2323763,LAND ROVER,Defender,2024,0,
SALEJ7EX5R2326176,LAND ROVER,Defender,2024,0,
SALEJ7EX5R2355354,LAND ROVER,Defender,2024,0,
SALEJ7EX5S2356803,LAND ROVER,Defender,2025,0,
SALEJ7EX5S2364125,LAND ROVER,Defender,2025,0,
SALEJ7EX5S2372273,LAND ROVER,Defender,2025,0,
SALEJ7EX5S2374976,LAND ROVER,Defender,2025,0,
SALEJ7EX5S2375027,LAND ROVER,Defender,2025,0,
SALEJ7EX6R2293205,LAND ROVER,Defender,2024,0,
SALEJ7EX6R2302176,LAND ROVER,Defender,2024,0,
SALEJ7EX6R2343214,LAND ROVER,Defender,2024,0,
SALEJ7EX6R2348039,LAND ROVER,Defender,2024,0,
SALEJ7EX6R2355931,LAND ROVER,Defender,2024,0,
SALEJ7EX6R2355976,LAND ROVER,Defender,2024,0,
SALEJ7EX6S2356664,LAND ROVER,Defender,2025,0,
SALEJ7EX6S2356681,LAND ROVER,Defender,2025,0,
SALEJ7EX6S2356759,LAND ROVER,Defender,2025,0,
SALEJ7EX6S2357054,LAND ROVER,Defender,2025,0,
SALEJ7EX6S2358124,LAND ROVER,Defender,2025,0,
SALEJ7EX6S2363436,LAND ROVER,Defender,2025,0,
SALEJ7EX6S2373772,LAND ROVER,Defender,2025,0,
SALEJ7EX6S2373853,LAND ROVER,Defender,2025,0,
SALEJ7EX6S2374226,LAND ROVER,Defender,2025,0,
SALEJ7EX6S2383511,LAND ROVER,Defender,2025,0,
SALEJ7EX6S2384738,LAND ROVER,Defender,2025,0,
SALEJ7EX6S2391074,LAND ROVER,Defender,2025,0,
SALEJ7EX7R2286652,LAND ROVER,Defender,2024,0,
SALEJ7EX7R2302316,LAND ROVER,Defender,2024,0,
SALEJ7EX7R2308990,LAND ROVER,Defender,2024,0,
SALEJ7EX7R2311288,LAND ROVER,Defender,2024,0,
SALEJ7EX7R2355937,LAND ROVER,Defender,2024,0,
SALEJ7EX7S2356933,LAND ROVER,Defender,2025,0,
SALEJ7EX7S2362733,LAND ROVER,Defender,2025,0,
SALEJ7EX7S2363302,LAND ROVER,Defender,2025,0,
SALEJ7EX7S2364756,LAND ROVER,Defender,2025,0,
SALEJ7EX7S2364952,LAND ROVER,Defender,2025,0,
SALEJ7EX8R2293240,LAND ROVER,Defender,2024,0,
SALEJ7EX8R2313907,LAND ROVER,Defender,2024,0,
SALEJ7EX8R2326138,LAND ROVER,Defender,2024,0,
SALEJ7EX8R2342100,LAND ROVER,Defender,2024,0,
SALEJ7EX8R2345014,LAND ROVER,Defender,2024,0,
SALEJ7EX8R2346308,LAND ROVER,Defender,2024,0,
SALEJ7EX8R2346356,LAND ROVER,Defender,2024,0,
SALEJ7EX8S2357542,LAND ROVER,Defender,2025,0,
SALEJ7EX8S2360487,LAND ROVER,Defender,2025,0,
SALEJ7EX8S2360537,LAND ROVER,Defender,2025,0,
SALEJ7EX8S2366726,LAND ROVER,Defender,2025,0,
SALEJ7EX8S2368282,LAND ROVER,Defender,2025,0,
SALEJ7EX8S2374924,LAND ROVER,Defender,2025,0,
SALEJ7EX8S2375166,LAND ROVER,Defender,2025,0,
SALEJ7EX8S2380349,LAND ROVER,Defender,2025,0,
SALEJ7EX8S2381646,LAND ROVER,Defender,2025,0,
SALEJ7EX8S2382814,LAND ROVER,Defender,2025,0,
SALEJ7EX8S2385437,LAND ROVER,Defender,2025,0,
SALEJ7EX9R2287561,LAND ROVER,Defender,2024,0,
SALEJ7EX9R2309199,LAND ROVER,Defender,2024,0,
SALEJ7EX9R2309641,LAND ROVER,Defender,2024,0,
SALEJ7EX9R2310045,LAND ROVER,Defender,2024,0,
SALEJ7EX9R2311065,LAND ROVER,Defender,2024,0,
SALEJ7EX9R2321515,LAND ROVER,Defender,2024,0,
SALEJ7EX9R2332739,LAND ROVER,Defender,2024,0,
SALEJ7EX9R2337360,LAND ROVER,Defender,2024,0,
SALEJ7EX9R2340470,LAND ROVER,Defender,2024,0,
SALEJ7EX9S2361289,LAND ROVER,Defender,2025,0,
SALEJ7EX9S2369313,LAND ROVER,Defender,2025,0,
SALEJ7EX9S2370509,LAND ROVER,Defender,2025,0,
SALEJ7EX9S2374690,LAND ROVER,Defender,2025,0,
SALEJ7EXXR2291554,LAND ROVER,Defender,2024,0,
SALEJ7EXXR2302469,LAND ROVER,Defender,2024,0,
SALEJ7EXXR2302701,LAND ROVER,Defender,2024,0,
SALEJ7EXXR2322222,LAND ROVER,Defender,2024,0,
SALEJ7EXXS2364315,LAND ROVER,Defender,2025,0,
SALEJ7EXXS2367814,LAND ROVER,Defender,2025,0,
SALEJ7EXXS2388694,LAND ROVER,Defender,2025,0,
SALEJ7EXXS2389411,LAND ROVER,Defender,2025,0,
SALEJEEU4R2320623,LAND ROVER,Defender,2024,0,
SALEJEEU7R2317182,LAND ROVER,Defender,2024,0,
SALEJEEU7S2376741,LAND ROVER,Defender,2025,0,
SALEJEEX1R2302476,LAND ROVER,Defender,2024,0,
SALEJEEX1R2347241,LAND ROVER,Defender,2024,0,
SALEJEEX1R2354531,LAND ROVER,Defender,2024,0,
SALEJEEX2S2370534,LAND ROVER,Defender,2025,0,
SALEJEEX3R2326682,LAND ROVER,Defender,2024,0,
SALEJEEX3S2364435,LAND ROVER,Defender,2025,0,
SALEJEEX4R2289089,LAND ROVER,Defender,2024,0,
SALEJEEX4R2315920,LAND ROVER,Defender,2024,0,
SALEJEEX4R2355981,LAND ROVER,Defender,2024,0,
SALEJEEX5S2371967,LAND ROVER,Defender,2025,0,
SALEJEEX5S2372519,LAND ROVER,Defender,2025,0,
SALEJEEX7R2346448,LAND ROVER,Defender,2024,0,
SALEJEEX7R2348393,LAND ROVER,Defender,2024,0,
SALEJEEX8R2302555,LAND ROVER,Defender,2024,0,
SALEJEEX9R2356494,LAND ROVER,Defender,2024,0,
SALEJEEX9S2374970,LAND ROVER,Defender,2025,0,
SALEJEEXXS2375173,LAND ROVER,Defender,2025,0,
SALEJFEU5S2385444,LAND ROVER,Defender,2025,0,
SALEJFEU7R2316751,LAND ROVER,Defender,2024,0,
SALEPEFE1R2341550,LAND ROVER,Defender,2024,0,
SALEPEFE2R2305494,LAND ROVER,Defender,2024,0,
SALEPEFE3R2302250,LAND ROVER,Defender,2024,0,
SALEPEFE4R2298502,LAND ROVER,Defender,2024,0,
SALEPEFE5R2277612,LAND ROVER,Defender,2024,0,
SALEPEFE8R2324857,LAND ROVER,Defender,2024,0,
SALEPEFE8R2328181,LAND ROVER,Defender,2024,0,
SALEPEFEXR2308949,LAND ROVER,Defender,2024,0,
SALEPFEU3P2236035,LAND ROVER,Defender,2023,0,
SALEW6EE2S2384150,LAND ROVER,Defender,2025,0,
SALEWEEE0R2343021,LAND ROVER,Defender,2024,0,
SALEWEEE1S2377748,LAND ROVER,Defender,2025,0,
SALEWEEE2R2309176,LAND ROVER,Defender,2024,0,
SALEWEEE2R2334305,LAND ROVER,Defender,2024,0,
SALEWEEE4R2284068,LAND ROVER,Defender,2024,0,
SALEWEEE6S2375672,LAND ROVER,Defender,2025,0,
SALEWEEE6S2392942,LAND ROVER,Defender,2025,0,
SALEWEEE7R2305382,LAND ROVER,Defender,2024,0,
SALEWEEE9R2287838,LAND ROVER,Defender,2024,0,
SALEWEEE9S2377271,LAND ROVER,Defender,2025,0,
SALEWEEEXR2298542,LAND ROVER,Defender,2024,0,
SALEWEEEXS2386464,LAND ROVER,Defender,2025,0,
SALEWFEU4R2329412,LAND ROVER,Defender,2024,0,
SALEWFFE0S2391371,LAND ROVER,Defender,2025,0,
SALEWFFE2S2375334,LAND ROVER,Defender,2025,0,
SALEWFFE2S2375754,LAND ROVER,Defender,2025,0,
SALEWFFE2S2385040,LAND ROVER,Defender,2025,0,
SALEWFFE9S2384421,LAND ROVER,Defender,2025,0,
SALEWFFEXS2367093,LAND ROVER,Defender,2025,0,
SALEX6EU1R2306960,LAND ROVER,Defender,2024,0,
SALEX7EU0R2354133,LAND ROVER,Defender,2024,0,
SALEX7EU1R2294458,LAND ROVER,Defender,2024,0,
SALEX7EU1R2314093,LAND ROVER,Defender,2024,0,
SALEX7EU1R2329581,LAND ROVER,Defender,2024,0,
SALEX7EU2S2382649,LAND ROVER,Defender,2025,0,
SALEX7EU2S2384806,LAND ROVER,Defender,2025,0,
SALEX7EU2S2397829,LAND ROVER,Defender,2025,0,
SALEX7EU4S2374536,LAND ROVER,Defender,2025,0,
SALEX7EU5R2291627,LAND ROVER,Defender,2024,0,
SALEX7EU5R2314114,LAND ROVER,Defender,2024,0,
SALEX7EU5S2385707,LAND ROVER,Defender,2025,0,
SALEX7EU5S2394892,LAND ROVER,Defender,2025,0,
SALEX7EU5S2399090,LAND ROVER,Defender,2025,0,
SALEX7EU6R2315448,LAND ROVER,Defender,2024,0,
SALEX7EU6S2389913,LAND ROVER,Defender,2025,0,
SALEX7EU6S2393993,LAND ROVER,Defender,2025,0,
SALEX7EU7S2383280,LAND ROVER,Defender,2025,0,
SALEX7EU7S2386762,LAND ROVER,Defender,2025,0,
SALEX7EU8S2373258,LAND ROVER,Defender,2025,0,
SALEX7EU8S2394725,LAND ROVER,Defender,2025,0,
SALEX7EU9R2306372,LAND ROVER,Defender,2024,0,
SALEX7EU9R2329392,LAND ROVER,Defender,2024,0,
SALEX7EU9R2352266,LAND ROVER,Defender,2024,0,
SALEXEEU0R2329284,LAND ROVER,Defender,2024,0,
SALEXEEU0S2375395,LAND ROVER,Defender,2025,0,
SALEXEEU0S2375574,LAND ROVER,Defender,2025,0,
SALEXEEU2R2292870,LAND ROVER,Defender,2024,0,
SALEXEEU2R2330548,LAND ROVER,Defender,2024,0,
SALEXEEU2S2376824,LAND ROVER,Defender,2025,0,
SALEXEEUXR2330099,LAND ROVER,Defender,2024,0,
SALEXEEUXR2330569,LAND ROVER,Defender,2024,0,
SALEXFEU9R2313946,LAND ROVER,Defender,2024,0,
SALK19E90SA260776,LAND ROVER,Range Rover,2025,0,
SALK19E90SA266822,LAND ROVER,Range Rover,2025,0,
SALK19E91RA249117,LAND ROVER,Range Rover,2024,0,
SALK19E93RA213378,LAND ROVER,Range Rover,2024,0,
SALK19E94SA266547,LAND ROVER,Range Rover,2025,0,
SALK19E96RA219241,LAND ROVER,Range Rover,2024,0,
SALK19E96SA285620,LAND ROVER,Range Rover,2025,0,
SALK19E97RA220785,LAND ROVER,Range Rover,2024,0,
SALK19E97RA227414,LAND ROVER,Range Rover,2024,0,
SALK19E98RA214090,LAND ROVER,Range Rover,2024,0,
SALK19E98RA223713,LAND ROVER,Range Rover,2024,0,
SALK19E98SA258676,LAND ROVER,Range Rover,2025,0,
SALK19E98SA266065,LAND ROVER,Range Rover,2025,0,
SALK19E99RA217628,LAND ROVER,Range Rover,2024,0,
SALK19E99RA221503,LAND ROVER,Range Rover,2024,0,
SALK19E99SA263420,LAND ROVER,Range Rover,2025,0,
SALK19E99SA265846,LAND ROVER,Range Rover,2025,0,
SALK19E9XRA220683,LAND ROVER,Range Rover,2024,0,
SALK19E9XRA234244,LAND ROVER,Range Rover,2024,0,
SALK19E9XRA234518,LAND ROVER,Range Rover,2024,0,
SALK19E9XSA266052,LAND ROVER,Range Rover,2025,0,
SALK1BE90RA217914,LAND ROVER,Range Rover,2024,0,
SALK1BE90RA238536,LAND ROVER,Range Rover,2024,0,
SALK1BE91RA205870,LAND ROVER,Range Rover,2024,0,
SALK1BE91RA209885,LAND ROVER,Range Rover,2024,0,
SALK1BE92RA220359,LAND ROVER,Range Rover,2024,0,
SALK1BE92SA270863,LAND ROVER,Range Rover,2025,0,
SALK1BE93SA266286,LAND ROVER,Range Rover,2025,0,
SALK1BE93SA273982,LAND ROVER,Range Rover,2025,0,
SALK1BE94RA205698,LAND ROVER,Range Rover,2024,0,
SALK1BE94SA254888,LAND ROVER,Range Rover,2025,0,
SALK1BE94SA273909,LAND ROVER,Range Rover,2025,0,
SALK1BE95RA211204,LAND ROVER,Range Rover,2024,0,
SALK1BE95RA219464,LAND ROVER,Range Rover,2024,0,
SALK1BE96RA217576,LAND ROVER,Range Rover,2024,0,
SALK1BE96RA219022,LAND ROVER,Range Rover,2024,0,
SALK1BE97RA205582,LAND ROVER,Range Rover,2024,0,
SALK1BE97SA287058,LAND ROVER,Range Rover,2025,0,
SALK1BE98RA205221,LAND ROVER,Range Rover,2024,0,
SALK1BE98RA210158,LAND ROVER,Range Rover,2024,0,
SALK1BE98RA221838,LAND ROVER,Range Rover,2024,0,
SALK1BE98SA263870,LAND ROVER,Range Rover,2025,0,
SALK1BE99RA231763,LAND ROVER,Range Rover,2024,0,
SALK1BE99SA257768,LAND ROVER,Range Rover,2025,0,
SALK1BE99SA264882,LAND ROVER,Range Rover,2025,0,
SALK1BE9XRA201641,LAND ROVER,Range Rover,2024,0,
SALK1BE9XRA221128,LAND ROVER,Range Rover,2024,0,
SALKP9E90RA200909,LAND ROVER,Range Rover,2024,0,
SALKP9E90RA208251,LAND ROVER,Range Rover,2024,0,
SALKP9E90RA227849,LAND ROVER,Range Rover,2024,0,
SALKP9E90RA250886,LAND ROVER,Range Rover,2024,0,
SALKP9E90SA266074,LAND ROVER,Range Rover,2025,0,
SALKP9E90SA267970,LAND ROVER,Range Rover,2025,0,
SALKP9E91RA225317,LAND ROVER,Range Rover,2024,0,
SALKP9E91RA231361,LAND ROVER,Range Rover,2024,0,
SALKP9E91SA258386,LAND ROVER,Range Rover,2025,0,
SALKP9E91SA264298,LAND ROVER,Range Rover,2025,0,
SALKP9E91SA265600,LAND ROVER,Range Rover,2025,0,
SALKP9E92RA216738,LAND ROVER,Range Rover,2024,0,
SALKP9E92RA223513,LAND ROVER,Range Rover,2024,0,
SALKP9E92SA263449,LAND ROVER,Range Rover,2025,0,
SALKP9E92SA267663,LAND ROVER,Range Rover,2025,0,
SALKP9E92SA267906,LAND ROVER,Range Rover,2025,0,
SALKP9E92SA270482,LAND ROVER,Range Rover,2025,0,
SALKP9E92SA275133,LAND ROVER,Range Rover,2025,0,
SALKP9E92SA277108,LAND ROVER,Range Rover,2025,0,
SALKP9E92SA284575,LAND ROVER,Range Rover,2025,0,
SALKP9E93RA218921,LAND ROVER,Range Rover,2024,0,
SALKP9E93RA227571,LAND ROVER,Range Rover,2024,0,
SALKP9E93RA227893,LAND ROVER,Range Rover,2024,0,
SALKP9E93RA249747,LAND ROVER,Range Rover,2024,0,
SALKP9E93RA250977,LAND ROVER,Range Rover,2024,0,
SALKP9E93RA252731,LAND ROVER,Range Rover,2024,0,
SALKP9E93SA263752,LAND ROVER,Range Rover,2025,0,
SALKP9E93SA266019,LAND ROVER,Range Rover,2025,0,
SALKP9E93SA266151,LAND ROVER,Range Rover,2025,0,
SALKP9E93SA269180,LAND ROVER,Range Rover,2025,0,
SALKP9E93SA269292,LAND ROVER,Range Rover,2025,0,
SALKP9E93SA269387,LAND ROVER,Range Rover,2025,0,
SALKP9E93SA277098,LAND ROVER,Range Rover,2025,0,
SALKP9E93SA283533,LAND ROVER,Range Rover,2025,0,
SALKP9E94RA218202,LAND ROVER,Range Rover,2024,0,
SALKP9E94RA219396,LAND ROVER,Range Rover,2024,0,
SALKP9E94RA223139,LAND ROVER,Range Rover,2024,0,
SALKP9E94SA259838,LAND ROVER,Range Rover,2025,0,
SALKP9E94SA263260,LAND ROVER,Range Rover,2025,0,
SALKP9E94SA267924,LAND ROVER,Range Rover,2025,0,
SALKP9E94SA272251,LAND ROVER,Range Rover,2025,0,
SALKP9E94SA272296,LAND ROVER,Range Rover,2025,0,
SALKP9E95RA211680,LAND ROVER,Range Rover,2024,0,
SALKP9E95RA226423,LAND ROVER,Range Rover,2024,0,
SALKP9E95RA227183,LAND ROVER,Range Rover,2024,0,
SALKP9E95SA261937,LAND ROVER,Range Rover,2025,0,
SALKP9E95SA263459,LAND ROVER,Range Rover,2025,0,
SALKP9E95SA264028,LAND ROVER,Range Rover,2025,0,
SALKP9E95SA264224,LAND ROVER,Range Rover,2025,0,
SALKP9E95SA267463,LAND ROVER,Range Rover,2025,0,
SALKP9E95SA267673,LAND ROVER,Range Rover,2025,0,
SALKP9E95SA267804,LAND ROVER,Range Rover,2025,0,
SALKP9E96RA219139,LAND ROVER,Range Rover,2024,0,
SALKP9E96RA225068,LAND ROVER,Range Rover,2024,0,
SALKP9E96RA228360,LAND ROVER,Range Rover,2024,0,
SALKP9E96RA234840,LAND ROVER,Range Rover,2024,0,
SALKP9E96SA258416,LAND ROVER,Range Rover,2025,0,
SALKP9E96SA263468,LAND ROVER,Range Rover,2025,0,
SALKP9E96SA263566,LAND ROVER,Range Rover,2025,0,
SALKP9E96SA265477,LAND ROVER,Range Rover,2025,0,
SALKP9E96SA266211,LAND ROVER,Range Rover,2025,0,
SALKP9E96SA267391,LAND ROVER,Range Rover,2025,0,
SALKP9E96SA267861,LAND ROVER,Range Rover,2025,0,
SALKP9E96SA269061,LAND ROVER,Range Rover,2025,0,
SALKP9E96SA270405,LAND ROVER,Range Rover,2025,0,
SALKP9E96SA270646,LAND ROVER,Range Rover,2025,0,
SALKP9E96SA270887,LAND ROVER,Range Rover,2025,0,
SALKP9E96SA271036,LAND ROVER,Range Rover,2025,0,
SALKP9E96SA274597,LAND ROVER,Range Rover,2025,0,
SALKP9E96SA275670,LAND ROVER,Range Rover,2025,0,
SALKP9E97RA219182,LAND ROVER,Range Rover,2024,0,
SALKP9E97RA219876,LAND ROVER,Range Rover,2024,0,
SALKP9E97RA220588,LAND ROVER,Range Rover,2024,0,
SALKP9E97RA226827,LAND ROVER,Range Rover,2024,0,
SALKP9E97RA227508,LAND ROVER,Range Rover,2024,0,
SALKP9E97RA231624,LAND ROVER,Range Rover,2024,0,
SALKP9E97RA232580,LAND ROVER,Range Rover,2024,0,
SALKP9E97SA257324,LAND ROVER,Range Rover,2025,0,
SALKP9E97SA259221,LAND ROVER,Range Rover,2025,0,
SALKP9E97SA284149,LAND ROVER,Range Rover,2025,0,
SALKP9E98RA219062,LAND ROVER,Range Rover,2024,0,
SALKP9E98RA219949,LAND ROVER,Range Rover,2024,0,
SALKP9E98SA258384,LAND ROVER,Range Rover,2025,0,
SALKP9E98SA259454,LAND ROVER,Range Rover,2025,0,
SALKP9E98SA261852,LAND ROVER,Range Rover,2025,0,
SALKP9E98SA269501,LAND ROVER,Range Rover,2025,0,
SALKP9E99RA219166,LAND ROVER,Range Rover,2024,0,
SALKP9E99SA266364,LAND ROVER,Range Rover,2025,0,
SALKP9E99SA267675,LAND ROVER,Range Rover,2025,0,
SALKP9E99SA267806,LAND ROVER,Range Rover,2025,0,
SALKP9E99SA269605,LAND ROVER,Range Rover,2025,0,
SALKP9E99SA285819,LAND ROVER,Range Rover,2025,0,
SALKP9E9XRA218916,LAND ROVER,Range Rover,2024,0,
SALKP9E9XRA219080,LAND ROVER,Range Rover,2024,0,
SALKP9E9XRA219970,LAND ROVER,Range Rover,2024,0,
SALKP9E9XRA226868,LAND ROVER,Range Rover,2024,0,
SALKP9E9XRA231598,LAND ROVER,Range Rover,2024,0,
SALKP9E9XRA232959,LAND ROVER,Range Rover,2024,0,
SALKP9E9XRA254265,LAND ROVER,Range Rover,2024,0,
SALKP9E9XSA259262,LAND ROVER,Range Rover,2025,0,
SALKP9E9XSA260394,LAND ROVER,Range Rover,2025,0,
SALKP9E9XSA265305,LAND ROVER,Range Rover,2025,0,
SALKP9F40SA278521,LAND ROVER,Range Rover,2025,0,
SALKP9F41RA226700,LAND ROVER,Range Rover,2024,0,
SALKP9F41RA249667,LAND ROVER,Range Rover,2024,0,
SALKP9F41SA275501,LAND ROVER,Range Rover,2025,0,
SALKP9F41SA280584,LAND ROVER,Range Rover,2025,0,
SALKP9F42RA212241,LAND ROVER,Range Rover,2024,0,
SALKP9F42RA222901,LAND ROVER,Range Rover,2024,0,
SALKP9F43RA250187,LAND ROVER,Range Rover,2024,0,
SALKP9F43SA281865,LAND ROVER,Range Rover,2025,0,
SALKP9F43SA284877,LAND ROVER,Range Rover,2025,0,
SALKP9F44RA209342,LAND ROVER,Range Rover,2024,0,
SALKP9F44SA280966,LAND ROVER,Range Rover,2025,0,
SALKP9F44SA281986,LAND ROVER,Range Rover,2025,0,
SALKP9F45RA220365,LAND ROVER,Range Rover,2024,0,
SALKP9F45SA261794,LAND ROVER,Range Rover,2025,0,
SALKP9F45SA263416,LAND ROVER,Range Rover,2025,0,
SALKP9F45SA278613,LAND ROVER,Range Rover,2025,0,
SALKP9F45SA282130,LAND ROVER,Range Rover,2025,0,
SALKP9F45SA284122,LAND ROVER,Range Rover,2025,0,
SALKP9F46RA222884,LAND ROVER,Range Rover,2024,0,
SALKP9F46RA236980,LAND ROVER,Range Rover,2024,0,
SALKP9F46RA248109,LAND ROVER,Range Rover,2024,0,
SALKP9F46SA265479,LAND ROVER,Range Rover,2025,0,
SALKP9F46SA275915,LAND ROVER,Range Rover,2025,0,
SALKP9F46SA278264,LAND ROVER,Range Rover,2025,0,
SALKP9F47RA223428,LAND ROVER,Range Rover,2024,0,
SALKP9F47SA255088,LAND ROVER,Range Rover,2025,0,
SALKP9F47SA281710,LAND ROVER,Range Rover,2025,0,
SALKP9F48RA090873,LAND ROVER,Range Rover,2024,0,
SALKP9F48RA218139,LAND ROVER,Range Rover,2024,0,
SALKP9F48RA249584,LAND ROVER,Range Rover,2024,0,
SALKP9F49RA236360,LAND ROVER,Range Rover,2024,0,
SALKP9F4XRA209345,LAND ROVER,Range Rover,2024,0,
SALKP9F4XRA218627,LAND ROVER,Range Rover,2024,0,
SALKP9F4XSA255750,LAND ROVER,Range Rover,2025,0,
SALKP9F4XSA280745,LAND ROVER,Range Rover,2025,0,
SALKP9F4XSA282074,LAND ROVER,Range Rover,2025,0,
SALKP9F4XSA285878,LAND ROVER,Range Rover,2025,0,
SALKP9FU0RA210357,LAND ROVER,Range Rover,2024,0,
SALKP9FU0RA210603,LAND ROVER,Range Rover,2024,0,
SALKP9FU0RA211072,LAND ROVER,Range Rover,2024,0,
SALKP9FU0RA212433,LAND ROVER,Range Rover,2024,0,
SALKP9FU0RA212691,LAND ROVER,Range Rover,2024,0,
SALKP9FU0RA213419,LAND ROVER,Range Rover,2024,0,
SALKP9FU0RA214117,LAND ROVER,Range Rover,2024,0,
SALKP9FU0RA216790,LAND ROVER,Range Rover,2024,0,
SALKP9FU0RA217941,LAND ROVER,Range Rover,2024,0,
SALKP9FU0RA234500,LAND ROVER,Range Rover,2024,0,
SALKP9FU0RA239986,LAND ROVER,Range Rover,2024,0,
SALKP9FU0SA274923,LAND ROVER,Range Rover,2025,0,
SALKP9FU0SA276719,LAND ROVER,Range Rover,2025,0,
SALKP9FU0SA281774,LAND ROVER,Range Rover,2025,0,
SALKP9FU0SA284786,LAND ROVER,Range Rover,2025,0,
SALKP9FU0SA286814,LAND ROVER,Range Rover,2025,0,
SALKP9FU0SA287235,LAND ROVER,Range Rover,2025,0,
SALKP9FU1RA209864,LAND ROVER,Range Rover,2024,0,
SALKP9FU1RA211937,LAND ROVER,Range Rover,2024,0,
SALKP9FU1RA213347,LAND ROVER,Range Rover,2024,0,
SALKP9FU1RA214305,LAND ROVER,Range Rover,2024,0,
SALKP9FU1RA235400,LAND ROVER,Range Rover,2024,0,
SALKP9FU1RA251189,LAND ROVER,Range Rover,2024,0,
SALKP9FU1SA276776,LAND ROVER,Range Rover,2025,0,
SALKP9FU2RA206505,LAND ROVER,Range Rover,2024,0,
SALKP9FU2RA211638,LAND ROVER,Range Rover,2024,0,
SALKP9FU2RA218198,LAND ROVER,Range Rover,2024,0,
SALKP9FU2RA235924,LAND ROVER,Range Rover,2024,0,
SALKP9FU2RA239083,LAND ROVER,Range Rover,2024,0,
SALKP9FU2RA239231,LAND ROVER,Range Rover,2024,0,
SALKP9FU2RA252206,LAND ROVER,Range Rover,2024,0,
SALKP9FU2SA260053,LAND ROVER,Range Rover,2025,0,
SALKP9FU2SA274311,LAND ROVER,Range Rover,2025,0,
SALKP9FU2SA279766,LAND ROVER,Range Rover,2025,0,
SALKP9FU2SA280299,LAND ROVER,Range Rover,2025,0,
SALKP9FU2SA285678,LAND ROVER,Range Rover,2025,0,
SALKP9FU3RA214774,LAND ROVER,Range Rover,2024,0,
SALKP9FU3RA214998,LAND ROVER,Range Rover,2024,0,
SALKP9FU3RA217934,LAND ROVER,Range Rover,2024,0,
SALKP9FU3RA223930,LAND ROVER,Range Rover,2024,0,
SALKP9FU3RA224172,LAND ROVER,Range Rover,2024,0,
SALKP9FU3RA224222,LAND ROVER,Range Rover,2024,0,
SALKP9FU3RA228920,LAND ROVER,Range Rover,2024,0,
SALKP9FU3RA234975,LAND ROVER,Range Rover,2024,0,
SALKP9FU3RA253784,LAND ROVER,Range Rover,2024,0,
SALKP9FU3RA254241,LAND ROVER,Range Rover,2024,0,
SALKP9FU3SA262510,LAND ROVER,Range Rover,2025,0,
SALKP9FU3SA268484,LAND ROVER,Range Rover,2025,0,
SALKP9FU3SA278531,LAND ROVER,Range Rover,2025,0,
SALKP9FU4RA209759,LAND ROVER,Range Rover,2024,0,
SALKP9FU4RA210104,LAND ROVER,Range Rover,2024,0,
SALKP9FU4RA210278,LAND ROVER,Range Rover,2024,0,
SALKP9FU4RA218915,LAND ROVER,Range Rover,2024,0,
SALKP9FU4RA225489,LAND ROVER,Range Rover,2024,0,
SALKP9FU4RA231535,LAND ROVER,Range Rover,2024,0,
SALKP9FU4RA242115,LAND ROVER,Range Rover,2024,0,
SALKP9FU4SA262449,LAND ROVER,Range Rover,2025,0,
SALKP9FU4SA271572,LAND ROVER,Range Rover,2025,0,
SALKP9FU4SA276027,LAND ROVER,Range Rover,2025,0,
SALKP9FU4SA276867,LAND ROVER,Range Rover,2025,0,
SALKP9FU5RA211651,LAND ROVER,Range Rover,2024,0,
SALKP9FU5RA214680,LAND ROVER,Range Rover,2024,0,
SALKP9FU5RA215876,LAND ROVER,Range Rover,2024,0,
SALKP9FU5RA236078,LAND ROVER,Range Rover,2024,0,
SALKP9FU5RA251258,LAND ROVER,Range Rover,2024,0,
SALKP9FU5SA262248,LAND ROVER,Range Rover,2025,0,
SALKP9FU5SA275680,LAND ROVER,Range Rover,2025,0,
SALKP9FU5SA287022,LAND ROVER,Range Rover,2025,0,
SALKP9FU6RA210055,LAND ROVER,Range Rover,2024,0,
SALKP9FU6RA211013,LAND ROVER,Range Rover,2024,0,
SALKP9FU6RA213831,LAND ROVER,Range Rover,2024,0,
SALKP9FU6RA214994,LAND ROVER,Range Rover,2024,0,
SALKP9FU6RA221203,LAND ROVER,Range Rover,2024,0,
SALKP9FU6RA223131,LAND ROVER,Range Rover,2024,0,
SALKP9FU6RA226630,LAND ROVER,Range Rover,2024,0,
SALKP9FU6RA228300,LAND ROVER,Range Rover,2024,0,
SALKP9FU6RA251172,LAND ROVER,Range Rover,2024,0,
SALKP9FU6SA284601,LAND ROVER,Range Rover,2025,0,
SALKP9FU7RA212042,LAND ROVER,Range Rover,2024,0,
SALKP9FU7RA212574,LAND ROVER,Range Rover,2024,0,
SALKP9FU7RA213451,LAND ROVER,Range Rover,2024,0,
SALKP9FU7RA224174,LAND ROVER,Range Rover,2024,0,
SALKP9FU7RA232629,LAND ROVER,Range Rover,2024,0,
SALKP9FU7RA235191,LAND ROVER,Range Rover,2024,0,
SALKP9FU7RA241959,LAND ROVER,Range Rover,2024,0,
SALKP9FU7RA242142,LAND ROVER,Range Rover,2024,0,
SALKP9FU7RA253044,LAND ROVER,Range Rover,2024,0,
SALKP9FU7SA260176,LAND ROVER,Range Rover,2025,0,
SALKP9FU7SA267189,LAND ROVER,Range Rover,2025,0,
SALKP9FU8RA211689,LAND ROVER,Range Rover,2024,0,
SALKP9FU8RA214706,LAND ROVER,Range Rover,2024,0,
SALKP9FU8RA216116,LAND ROVER,Range Rover,2024,0,
SALKP9FU8RA216827,LAND ROVER,Range Rover,2024,0,
SALKP9FU8RA224068,LAND ROVER,Range Rover,2024,0,
SALKP9FU8RA233370,LAND ROVER,Range Rover,2024,0,
SALKP9FU8SA259957,LAND ROVER,Range Rover,2025,0,
SALKP9FU8SA262163,LAND ROVER,Range Rover,2025,0,
SALKP9FU8SA263376,LAND ROVER,Range Rover,2025,0,
SALKP9FU8SA280176,LAND ROVER,Range Rover,2025,0,
SALKP9FU8SA284129,LAND ROVER,Range Rover,2025,0,
SALKP9FU9RA210342,LAND ROVER,Range Rover,2024,0,
SALKP9FU9RA211992,LAND ROVER,Range Rover,2024,0,
SALKP9FU9RA213757,LAND ROVER,Range Rover,2024,0,
SALKP9FU9RA218716,LAND ROVER,Range Rover,2024,0,
SALKP9FU9RA219283,LAND ROVER,Range Rover,2024,0,
SALKP9FU9RA224418,LAND ROVER,Range Rover,2024,0,
SALKP9FU9RA233751,LAND ROVER,Range Rover,2024,0,
SALKP9FU9SA267260,LAND ROVER,Range Rover,2025,0,
SALKP9FU9SA270160,LAND ROVER,Range Rover,2025,0,
SALKP9FU9SA274564,LAND ROVER,Range Rover,2025,0,
SALKP9FU9SA283779,LAND ROVER,Range Rover,2025,0,
SALKP9FUXRA209782,LAND ROVER,Range Rover,2024,0,
SALKP9FUXRA210172,LAND ROVER,Range Rover,2024,0,
SALKP9FUXRA214285,LAND ROVER,Range Rover,2024,0,
SALKP9FUXRA218126,LAND ROVER,Range Rover,2024,0,
SALKP9FUXRA221706,LAND ROVER,Range Rover,2024,0,
SALKP9FUXRA222192,LAND ROVER,Range Rover,2024,0,
SALKP9FUXRA240403,LAND ROVER,Range Rover,2024,0,
SALKP9FUXRA253720,LAND ROVER,Range Rover,2024,0,
SALKP9FUXSA261855,LAND ROVER,Range Rover,2025,0,
SALKP9FUXSA275142,LAND ROVER,Range Rover,2025,0,
SALKP9FUXSA275173,LAND ROVER,Range Rover,2025,0,
SALKPBE90RA205552,LAND ROVER,Range Rover,2024,0,
SALKPBE90RA208712,LAND ROVER,Range Rover,2024,0,
SALKPBE90RA210573,LAND ROVER,Range Rover,2024,0,
SALKPBE90RA235747,LAND ROVER,Range Rover,2024,0,
SALKPBE90RA236297,LAND ROVER,Range Rover,2024,0,
SALKPBE91RA219105,LAND ROVER,Range Rover,2024,0,
SALKPBE91RA237202,LAND ROVER,Range Rover,2024,0,
SALKPBE91SA266303,LAND ROVER,Range Rover,2025,0,
SALKPBE91SA269119,LAND ROVER,Range Rover,2025,0,
SALKPBE91SA271906,LAND ROVER,Range Rover,2025,0,
SALKPBE92RA218318,LAND ROVER,Range Rover,2024,0,
SALKPBE92RA225513,LAND ROVER,Range Rover,2024,0,
SALKPBE92RA240335,LAND ROVER,Range Rover,2024,0,
SALKPBE92RA241565,LAND ROVER,Range Rover,2024,0,
SALKPBE92RA241596,LAND ROVER,Range Rover,2024,0,
SALKPBE92RA250816,LAND ROVER,Range Rover,2024,0,
SALKPBE92SA264902,LAND ROVER,Range Rover,2025,0,
SALKPBE93RA208719,LAND ROVER,Range Rover,2024,0,
SALKPBE93RA221213,LAND ROVER,Range Rover,2024,0,
SALKPBE93RA231286,LAND ROVER,Range Rover,2024,0,
SALKPBE93SA256839,LAND ROVER,Range Rover,2025,0,
SALKPBE93SA262883,LAND ROVER,Range Rover,2025,0,
SALKPBE93SA265265,LAND ROVER,Range Rover,2025,0,
SALKPBE93SA266285,LAND ROVER,Range Rover,2025,0,
SALKPBE94RA209104,LAND ROVER,Range Rover,2024,0,
SALKPBE94RA209703,LAND ROVER,Range Rover,2024,0,
SALKPBE94RA211094,LAND ROVER,Range Rover,2024,0,
SALKPBE94RA235203,LAND ROVER,Range Rover,2024,0,
SALKPBE94RA236349,LAND ROVER,Range Rover,2024,0,
SALKPBE94SA266294,LAND ROVER,Range Rover,2025,0,
SALKPBE94SA272323,LAND ROVER,Range Rover,2025,0,
SALKPBE94SA277392,LAND ROVER,Range Rover,2025,0,
SALKPBE94SA281541,LAND ROVER,Range Rover,2025,0,
SALKPBE95RA205658,LAND ROVER,Range Rover,2024,0,
SALKPBE95RA233444,LAND ROVER,Range Rover,2024,0,
SALKPBE95RA234402,LAND ROVER,Range Rover,2024,0,
SALKPBE95SA263727,LAND ROVER,Range Rover,2025,0,
SALKPBE95SA264697,LAND ROVER,Range Rover,2025,0,
SALKPBE96SA267480,LAND ROVER,Range Rover,2025,0,
SALKPBE97RA205080,LAND ROVER,Range Rover,2024,0,
SALKPBE97RA209582,LAND ROVER,Range Rover,2024,0,
SALKPBE97RA221750,LAND ROVER,Range Rover,2024,0,
SALKPBE97RA227029,LAND ROVER,Range Rover,2024,0,
SALKPBE97RA233588,LAND ROVER,Range Rover,2024,0,
SALKPBE97RA236846,LAND ROVER,Range Rover,2024,0,
SALKPBE97SA254950,LAND ROVER,Range Rover,2025,0,
SALKPBE97SA265138,LAND ROVER,Range Rover,2025,0,
SALKPBE97SA267343,LAND ROVER,Range Rover,2025,0,
SALKPBE97SA272056,LAND ROVER,Range Rover,2025,0,
SALKPBE98RA208814,LAND ROVER,Range Rover,2024,0,
SALKPBE98RA211082,LAND ROVER,Range Rover,2024,0,
SALKPBE98RA228836,LAND ROVER,Range Rover,2024,0,
SALKPBE98SA265035,LAND ROVER,Range Rover,2025,0,
SALKPBE99RA208398,LAND ROVER,Range Rover,2024,0,
SALKPBE99RA208501,LAND ROVER,Range Rover,2024,0,
SALKPBE99RA208708,LAND ROVER,Range Rover,2024,0,
SALKPBE99RA229364,LAND ROVER,Range Rover,2024,0,
SALKPBE99SA271412,LAND ROVER,Range Rover,2025,0,
SALKPBE99SA271894,LAND ROVER,Range Rover,2025,0,
SALKPBE99SA284421,LAND ROVER,Range Rover,2025,0,
SALKPBE9XRA211567,LAND ROVER,Range Rover,2024,0,
SALKPBE9XRA225016,LAND ROVER,Range Rover,2024,0,
SALKPBE9XRA225212,LAND ROVER,Range Rover,2024,0,
SALKPBE9XRA236159,LAND ROVER,Range Rover,2024,0,
SALKPBE9XSA271354,LAND ROVER,Range Rover,2025,0,
SALKZ9F90RA203530,LAND ROVER,Range Rover,2024,0,
SALKZ9F90RA216441,LAND ROVER,Range Rover,2024,0,
SALKZ9F90RA232753,LAND ROVER,Range Rover,2024,0,
SALKZ9F90RA236611,LAND ROVER,Range Rover,2024,0,
SALKZ9F92RA230406,LAND ROVER,Range Rover,2024,0,
SALKZ9F93RA202601,LAND ROVER,Range Rover,2024,0,
SALKZ9F93RA216207,LAND ROVER,Range Rover,2024,0,
SALKZ9F9XRA231223,LAND ROVER,Range Rover,2024,0,
SALKZBF93RA205103,LAND ROVER,Range Rover,2024,0,
SALKZBF94RA217938,LAND ROVER,Range Rover,2024,0,
SALKZBF96RA211705,LAND ROVER,Range Rover,2024,0,
SALKZBF99RA233035,LAND ROVER,Range Rover,2024,0,
SALRL2EX0R2493821,LAND ROVER,Discovery,2024,0,
SALRL2EX1R2502963,LAND ROVER,Discovery,2024,0,
SALRL2EX3R2493070,LAND ROVER,Discovery,2024,0,
SALRL2EX3R2496132,LAND ROVER,Discovery,2024,0,
SALRL2EX4R2496155,LAND ROVER,Discovery,2024,0,
SALRL2EX4R2497919,LAND ROVER,Discovery,2024,0,
SALRL2EX7R2494822,LAND ROVER,Discovery,2024,0,
SALRL2EX7R2494853,LAND ROVER,Discovery,2024,0,
SALRL2EX7R2495744,LAND ROVER,Discovery,2024,0,
SALRL2EX7R2497901,LAND ROVER,Discovery,2024,0,
SALRL2EX8R2497325,LAND ROVER,Discovery,2024,0,
SALRL2EX9R2494868,LAND ROVER,Discovery,2024,0,
SALRL2EX9R2497267,LAND ROVER,Discovery,2024,0,
SALRL2FX3S2504055,LAND ROVER,Discovery,2025,0,
SALRL2FX6S2503093,LAND ROVER,Discovery,2025,0,
SALRL4EU0R2496297,LAND ROVER,Discovery,2024,0,
SALRL4EU0R2496560,LAND ROVER,Discovery,2024,0,
SALRL4EU0S2506011,LAND ROVER,Discovery,2025,0,
SALRL4EU0S2507823,LAND ROVER,Discovery,2025,0,
SALRL4EU1S2505093,LAND ROVER,Discovery,2025,0,
SALRL4EU2R2493840,LAND ROVER,Discovery,2024,0,
SALRL4EU2R2494213,LAND ROVER,Discovery,2024,0,
SALRL4EU2R2495703,LAND ROVER,Discovery,2024,0,
SALRL4EU3R2496262,LAND ROVER,Discovery,2024,0,
SALRL4EU3R2496648,LAND ROVER,Discovery,2024,0,
SALRL4EU4R2494343,LAND ROVER,Discovery,2024,0,
SALRL4EU4R2494570,LAND ROVER,Discovery,2024,0,
SALRL4EU5R2494447,LAND ROVER,Discovery,2024,0,
SALRL4EU5R2494464,LAND ROVER,Discovery,2024,0,
SALRL4EU5S2507753,LAND ROVER,Discovery,2025,0,
SALRL4EU5S2507803,LAND ROVER,Discovery,2025,0,
SALRL4EU6R2494084,LAND ROVER,Discovery,2024,0,
SALRL4EU6S2505493,LAND ROVER,Discovery,2025,0,
SALRL4EU8R2496516,LAND ROVER,Discovery,2024,0,
SALRL4EU8S2505883,LAND ROVER,Discovery,2025,0,
SALRL4EU9R2494029,LAND ROVER,Discovery,2024,0,
SALRL4EU9R2495942,LAND ROVER,Discovery,2024,0,
SALRL4EUXR2493942,LAND ROVER,Discovery,2024,0,
SALRM4EU3S2505142,LAND ROVER,Discovery,2025,0,
SALRM4EU6S2505961,LAND ROVER,Discovery,2025,0,
SALRM4EU6S2507712,LAND ROVER,Discovery,2025,0,
SALRW4EU8S2505664,LAND ROVER,Discovery,2025,0,
SALRW4EU9S2505348,LAND ROVER,Discovery,2025,0,
SALYL2EU0RA388588,LAND ROVER,Range Rover Velar,2024,0,
SALYL2EU0SA396678,LAND ROVER,Range Rover Velar,2025,0,
SALYL2EU0SA803771,LAND ROVER,Range Rover Velar,2025,0,
SALYL2EU0SA805150,LAND ROVER,Range Rover Velar,2025,0,
SALYL2EU1SA398066,LAND ROVER,Range Rover Velar,2025,0,
SALYL2EU1SA398598,LAND ROVER,Range Rover Velar,2025,0,
SALYL2EU1SA800863,LAND ROVER,Range Rover Velar,2025,0,
SALYL2EU1SA801205,LAND ROVER,Range Rover Velar,2025,0,
SALYL2EU1SA801219,LAND ROVER,Range Rover Velar,2025,0,
SALYL2EU1SA805528,LAND ROVER,Range Rover Velar,2025,0,
SALYL2EU2SA395323,LAND ROVER,Range Rover Velar,2025,0,
SALYL2EU2SA396360,LAND ROVER,Range Rover Velar,2025,0,
SALYL2EU2SA399453,LAND ROVER,Range Rover Velar,2025,0,
SALYL2EU2SA804954,LAND ROVER,Range Rover Velar,2025,0,
SALYL2EU2SA806011,LAND ROVER,Range Rover Velar,2025,0,
SALYL2EU3SA396058,LAND ROVER,Range Rover Velar,2025,0,
SALYL2EU3SA397355,LAND ROVER,Range Rover Velar,2025,0,
SALYL2EU3SA800816,LAND ROVER,Range Rover Velar,2025,0,
SALYL2EU3SA801092,LAND ROVER,Range Rover Velar,2025,0,
SALYL2EU3SA803957,LAND ROVER,Range Rover Velar,2025,0,
SALYL2EU4RA389422,LAND ROVER,Range Rover Velar,2024,0,
SALYL2EU4RA390120,LAND ROVER,Range Rover Velar,2024,0,
SALYL2EU4SA399339,LAND ROVER,Range Rover Velar,2025,0,
SALYL2EU4SA807502,LAND ROVER,Range Rover Velar,2025,0,
SALYL2EU4SA807936,LAND ROVER,Range Rover Velar,2025,0,
SALYL2EU5SA396448,LAND ROVER,Range Rover Velar,2025,0,
SALYL2EU5SA397440,LAND ROVER,Range Rover Velar,2025,0,
SALYL2EU5SA398104,LAND ROVER,Range Rover Velar,2025,0,
SALYL2EU5SA803894,LAND ROVER,Range Rover Velar,2025,0,
SALYL2EU6RA390765,LAND ROVER,Range Rover Velar,2024,0,
SALYL2EU6RA391639,LAND ROVER,Range Rover Velar,2024,0,
SALYL2EU6SA395244,LAND ROVER,Range Rover Velar,2025,0,
SALYL2EU6SA396104,LAND ROVER,Range Rover Velar,2025,0,
SALYL2EU6SA396667,LAND ROVER,Range Rover Velar,2025,0,
SALYL2EU6SA397009,LAND ROVER,Range Rover Velar,2025,0,
SALYL2EU6SA804097,LAND ROVER,Range Rover Velar,2025,0,
SALYL2EU7RA390029,LAND ROVER,Range Rover Velar,2024,0,
SALYL2EU7SA399402,LAND ROVER,Range Rover Velar,2025,0,
SALYL2EU7SA399433,LAND ROVER,Range Rover Velar,2025,0,
SALYL2EU7SA399481,LAND ROVER,Range Rover Velar,2025,0,
SALYL2EU7SA804142,LAND ROVER,Range Rover Velar,2025,0,
SALYL2EU7SA804206,LAND ROVER,Range Rover Velar,2025,0,
SALYL2EU7SA807610,LAND ROVER,Range Rover Velar,2025,0,
SALYL2EU8RA391660,LAND ROVER,Range Rover Velar,2024,0,
SALYL2EU8SA395598,LAND ROVER,Range Rover Velar,2025,0,
SALYL2EU8SA396332,LAND ROVER,Range Rover Velar,2025,0,
SALYL2EU8SA397321,LAND ROVER,Range Rover Velar,2025,0,
SALYL2EU8SA800083,LAND ROVER,Range Rover Velar,2025,0,
SALYL2EU8SA803551,LAND ROVER,Range Rover Velar,2025,0,
SALYL2EU9RA387312,LAND ROVER,Range Rover Velar,2024,0,
SALYL2EU9SA800030,LAND ROVER,Range Rover Velar,2025,0,
SALYL2EU9SA800951,LAND ROVER,Range Rover Velar,2025,0,
SALYL2EU9SA802442,LAND ROVER,Range Rover Velar,2025,0,
SALYL2EU9SA803803,LAND ROVER,Range Rover Velar,2025,0,
SALYL2EUXRA390106,LAND ROVER,Range Rover Velar,2024,0,
SALYL2EUXSA801686,LAND ROVER,Range Rover Velar,2025,0,
SALYL2EUXSA805155,LAND ROVER,Range Rover Velar,2025,0,
SALYL2EX0RA388794,LAND ROVER,Range Rover Velar,2024,0,
SALYL2EX0RA390366,LAND ROVER,Range Rover Velar,2024,0,
SALYL2EX0SA393516,LAND ROVER,Range Rover Velar,2025,0,
SALYL2EX0SA396920,LAND ROVER,Range Rover Velar,2025,0,
SALYL2EX0SA398926,LAND ROVER,Range Rover Velar,2025,0,
SALYL2EX0SA804963,LAND ROVER,Range Rover Velar,2025,0,
SALYL2EX0SA805028,LAND ROVER,Range Rover Velar,2025,0,
SALYL2EX0SA805062,LAND ROVER,Range Rover Velar,2025,0,
SALYL2EX0SA805160,LAND ROVER,Range Rover Velar,2025,0,
SALYL2EX1RA389534,LAND ROVER,Range Rover Velar,2024,0,
SALYL2EX1SA398014,LAND ROVER,Range Rover Velar,2025,0,
SALYL2EX1SA398840,LAND ROVER,Range Rover Velar,2025,0,
SALYL2EX1SA800856,LAND ROVER,Range Rover Velar,2025,0,
SALYL2EX1SA801019,LAND ROVER,Range Rover Velar,2025,0,
SALYL2EX1SA801800,LAND ROVER,Range Rover Velar,2025,0,
SALYL2EX1SA802817,LAND ROVER,Range Rover Velar,2025,0,
SALYL2EX1SA803062,LAND ROVER,Range Rover Velar,2025,0,
SALYL2EX1SA806110,LAND ROVER,Range Rover Velar,2025,0,
SALYL2EX2RA390787,LAND ROVER,Range Rover Velar,2024,0,
SALYL2EX2RA391096,LAND ROVER,Range Rover Velar,2024,0,
SALYL2EX2SA396837,LAND ROVER,Range Rover Velar,2025,0,
SALYL2EX2SA397213,LAND ROVER,Range Rover Velar,2025,0,
SALYL2EX2SA800770,LAND ROVER,Range Rover Velar,2025,0,
SALYL2EX2SA801210,LAND ROVER,Range Rover Velar,2025,0,
SALYL2EX2SA803670,LAND ROVER,Range Rover Velar,2025,0,
SALYL2EX2SA804978,LAND ROVER,Range Rover Velar,2025,0,
SALYL2EX2SA805046,LAND ROVER,Range Rover Velar,2025,0,
SALYL2EX2SA805418,LAND ROVER,Range Rover Velar,2025,0,
SALYL2EX3SA397334,LAND ROVER,Range Rover Velar,2025,0,
SALYL2EX3SA801149,LAND ROVER,Range Rover Velar,2025,0,
SALYL2EX3SA805265,LAND ROVER,Range Rover Velar,2025,0,
SALYL2EX3SA805461,LAND ROVER,Range Rover Velar,2025,0,
SALYL2EX3SA805749,LAND ROVER,Range Rover Velar,2025,0,
SALYL2EX4SA397424,LAND ROVER,Range Rover Velar,2025,0,
SALYL2EX4SA397634,LAND ROVER,Range Rover Velar,2025,0,
SALYL2EX4SA397679,LAND ROVER,Range Rover Velar,2025,0,
SALYL2EX4SA398881,LAND ROVER,Range Rover Velar,2025,0,
SALYL2EX4SA801886,LAND ROVER,Range Rover Velar,2025,0,
SALYL2EX4SA802195,LAND ROVER,Range Rover Velar,2025,0,
SALYL2EX4SA802942,LAND ROVER,Range Rover Velar,2025,0,
SALYL2EX4SA803394,LAND ROVER,Range Rover Velar,2025,0,
SALYL2EX4SA804397,LAND ROVER,Range Rover Velar,2025,0,
SALYL2EX4SA805114,LAND ROVER,Range Rover Velar,2025,0,
SALYL2EX5RA389486,LAND ROVER,Range Rover Velar,2024,0,
SALYL2EX5RA389505,LAND ROVER,Range Rover Velar,2024,0,
SALYL2EX5RA390010,LAND ROVER,Range Rover Velar,2024,0,
SALYL2EX5SA397920,LAND ROVER,Range Rover Velar,2025,0,
SALYL2EX5SA398193,LAND ROVER,Range Rover Velar,2025,0,
SALYL2EX5SA801038,LAND ROVER,Range Rover Velar,2025,0,
SALYL2EX5SA802089,LAND ROVER,Range Rover Velar,2025,0,
SALYL2EX5SA805333,LAND ROVER,Range Rover Velar,2025,0,
SALYL2EX5SA805431,LAND ROVER,Range Rover Velar,2025,0,
SALYL2EX5SA805476,LAND ROVER,Range Rover Velar,2025,0,
SALYL2EX5SA805591,LAND ROVER,Range Rover Velar,2025,0,
SALYL2EX5SA806207,LAND ROVER,Range Rover Velar,2025,0,
SALYL2EX5SA808636,LAND ROVER,Range Rover Velar,2025,0,
SALYL2EX6SA392533,LAND ROVER,Range Rover Velar,2025,0,
SALYL2EX6SA397232,LAND ROVER,Range Rover Velar,2025,0,
SALYL2EX6SA801937,LAND ROVER,Range Rover Velar,2025,0,
SALYL2EX6SA804823,LAND ROVER,Range Rover Velar,2025,0,
SALYL2EX6SA809083,LAND ROVER,Range Rover Velar,2025,0,
SALYL2EX7RA389490,LAND ROVER,Range Rover Velar,2024,0,
SALYL2EX7SA395425,LAND ROVER,Range Rover Velar,2025,0,
SALYL2EX7SA396834,LAND ROVER,Range Rover Velar,2025,0,
SALYL2EX7SA398308,LAND ROVER,Range Rover Velar,2025,0,
SALYL2EX7SA398986,LAND ROVER,Range Rover Velar,2025,0,
SALYL2EX7SA802739,LAND ROVER,Range Rover Velar,2025,0,
SALYL2EX7SA805589,LAND ROVER,Range Rover Velar,2025,0,
SALYL2EX8RA388820,LAND ROVER,Range Rover Velar,2024,0,
SALYL2EX8RA388977,LAND ROVER,Range Rover Velar,2024,0,
SALYL2EX8SA397264,LAND ROVER,Range Rover Velar,2025,0,
SALYL2EX8SA397331,LAND ROVER,Range Rover Velar,2025,0,
SALYL2EX8SA398964,LAND ROVER,Range Rover Velar,2025,0,
SALYL2EX8SA800689,LAND ROVER,Range Rover Velar,2025,0,
SALYL2EX8SA801244,LAND ROVER,Range Rover Velar,2025,0,
SALYL2EX8SA801566,LAND ROVER,Range Rover Velar,2025,0,
SALYL2EX8SA801762,LAND ROVER,Range Rover Velar,2025,0,
SALYL2EX8SA804239,LAND ROVER,Range Rover Velar,2025,0,
SALYL2EX8SA805181,LAND ROVER,Range Rover Velar,2025,0,
SALYL2EX8SA809053,LAND ROVER,Range Rover Velar,2025,0,
SALYL2EX9RA389779,LAND ROVER,Range Rover Velar,2024,0,
SALYL2EX9SA392252,LAND ROVER,Range Rover Velar,2025,0,
SALYL2EX9SA802323,LAND ROVER,Range Rover Velar,2025,0,
SALYL2EX9SA805139,LAND ROVER,Range Rover Velar,2025,0,
SALYL2EX9SA805173,LAND ROVER,Range Rover Velar,2025,0,
SALYL2EXXRA388883,LAND ROVER,Range Rover Velar,2024,0,
SALYL2EXXRA389791,LAND ROVER,Range Rover Velar,2024,0,
SALYL2EXXSA397217,LAND ROVER,Range Rover Velar,2025,0,
SALYL2EXXSA398562,LAND ROVER,Range Rover Velar,2025,0,
SALYL2EXXSA399274,LAND ROVER,Range Rover Velar,2025,0,
SALYL2EXXSA801794,LAND ROVER,Range Rover Velar,2025,0,
SALYL2EXXSA802931,LAND ROVER,Range Rover Velar,2025,0,
SALYL2EXXSA804825,LAND ROVER,Range Rover Velar,2025,0,
SALYL2EXXSA805523,LAND ROVER,Range Rover Velar,2025,0,
SALYM2FU1SA395566,LAND ROVER,Range Rover Velar,2025,0,
SALYM2FU2RA387552,LAND ROVER,Range Rover Velar,2024,0,
SALYM2FU2SA399304,LAND ROVER,Range Rover Velar,2025,0,
SALYM2FU2SA807381,LAND ROVER,Range Rover Velar,2025,0,
SALYM2FU3SA800021,LAND ROVER,Range Rover Velar,2025,0,
SALYM2FU3SA800617,LAND ROVER,Range Rover Velar,2025,0,
SALYM2FU4RA389576,LAND ROVER,Range Rover Velar,2024,0,
SALYM2FU4SA802053,LAND ROVER,Range Rover Velar,2025,0,
SALYM2FU5SA398020,LAND ROVER,Range Rover Velar,2025,0,
SALYM2FU5SA801543,LAND ROVER,Range Rover Velar,2025,0,
SALYM2FU5SA805107,LAND ROVER,Range Rover Velar,2025,0,
SALYM2FU6RA390776,LAND ROVER,Range Rover Velar,2024,0,
SALYM2FU6SA800966,LAND ROVER,Range Rover Velar,2025,0,
SALYM2FU8SA398142,LAND ROVER,Range Rover Velar,2025,0,
SALYM2FU8SA807806,LAND ROVER,Range Rover Velar,2025,0,
SALYM2FU9SA395539,LAND ROVER,Range Rover Velar,2025,0,
SALYM2FU9SA397887,LAND ROVER,Range Rover Velar,2025,0,
SALYM2FU9SA809371,LAND ROVER,Range Rover Velar,2025,0,
SALYM2FUXSA396649,LAND ROVER,Range Rover Velar,2025,0,
SALZJ2FX0RH253718,LAND ROVER,Range Rover Evoque,2024,0,
SALZJ2FX0RH256456,LAND ROVER,Range Rover Evoque,2024,0,
SALZJ2FX0RH258529,LAND ROVER,Range Rover Evoque,2024,0,
SALZJ2FX0RH259521,LAND ROVER,Range Rover Evoque,2024,0,
SALZJ2FX0SH265101,LAND ROVER,Range Rover Evoque,2025,0,
SALZJ2FX0SH268421,LAND ROVER,Range Rover Evoque,2025,0,
SALZJ2FX1RH242730,LAND ROVER,Range Rover Evoque,2024,0,
SALZJ2FX1RH258555,LAND ROVER,Range Rover Evoque,2024,0,
SALZJ2FX1RH258751,LAND ROVER,Range Rover Evoque,2024,0,
SALZJ2FX1RH259382,LAND ROVER,Range Rover Evoque,2024,0,
SALZJ2FX1RH259494,LAND ROVER,Range Rover Evoque,2024,0,
SALZJ2FX1RH264016,LAND ROVER,Range Rover Evoque,2024,0,
SALZJ2FX1RH264162,LAND ROVER,Range Rover Evoque,2024,0,
SALZJ2FX1SH264894,LAND ROVER,Range Rover Evoque,2025,0,
SALZJ2FX1SH265320,LAND ROVER,Range Rover Evoque,2025,0,
SALZJ2FX1SH271862,LAND ROVER,Range Rover Evoque,2025,0,
SALZJ2FX1SH273904,LAND ROVER,Range Rover Evoque,2025,0,
SALZJ2FX1SH277810,LAND ROVER,Range Rover Evoque,2025,0,
SALZJ2FX2RH241490,LAND ROVER,Range Rover Evoque,2024,0,
SALZJ2FX2RH247662,LAND ROVER,Range Rover Evoque,2024,0,
SALZJ2FX2RH258726,LAND ROVER,Range Rover Evoque,2024,0,
SALZJ2FX2RH264171,LAND ROVER,Range Rover Evoque,2024,0,
SALZJ2FX2SH269327,LAND ROVER,Range Rover Evoque,2025,0,
SALZJ2FX2SH277282,LAND ROVER,Range Rover Evoque,2025,0,
SALZJ2FX3RH258394,LAND ROVER,Range Rover Evoque,2024,0,
SALZJ2FX3RH258685,LAND ROVER,Range Rover Evoque,2024,0,
SALZJ2FX3RH259416,LAND ROVER,Range Rover Evoque,2024,0,
SALZJ2FX3RH259500,LAND ROVER,Range Rover Evoque,2024,0,
SALZJ2FX3RH264003,LAND ROVER,Range Rover Evoque,2024,0,
SALZJ2FX3SH265027,LAND ROVER,Range Rover Evoque,2025,0,
SALZJ2FX3SH265285,LAND ROVER,Range Rover Evoque,2025,0,
SALZJ2FX3SH273211,LAND ROVER,Range Rover Evoque,2025,0,
SALZJ2FX3SH277792,LAND ROVER,Range Rover Evoque,2025,0,
SALZJ2FX3SH280661,LAND ROVER,Range Rover Evoque,2025,0,
SALZJ2FX4RH244939,LAND ROVER,Range Rover Evoque,2024,0,
SALZJ2FX4RH253253,LAND ROVER,Range Rover Evoque,2024,0,
SALZJ2FX4RH258596,LAND ROVER,Range Rover Evoque,2024,0,
SALZJ2FX4RH258890,LAND ROVER,Range Rover Evoque,2024,0,
SALZJ2FX4RH259358,LAND ROVER,Range Rover Evoque,2024,0,
SALZJ2FX4RH259408,LAND ROVER,Range Rover Evoque,2024,0,
SALZJ2FX4RH264091,LAND ROVER,Range Rover Evoque,2024,0,
SALZJ2FX5RH245419,LAND ROVER,Range Rover Evoque,2024,0,
SALZJ2FX5RH248952,LAND ROVER,Range Rover Evoque,2024,0,
SALZJ2FX5RH252838,LAND ROVER,Range Rover Evoque,2024,0,
SALZJ2FX5RH255495,LAND ROVER,Range Rover Evoque,2024,0,
SALZJ2FX5RH259479,LAND ROVER,Range Rover Evoque,2024,0,
SALZJ2FX5RH263998,LAND ROVER,Range Rover Evoque,2024,0,
SALZJ2FX5SH264686,LAND ROVER,Range Rover Evoque,2025,0,
SALZJ2FX5SH264896,LAND ROVER,Range Rover Evoque,2025,0,
SALZJ2FX5SH265241,LAND ROVER,Range Rover Evoque,2025,0,
SALZJ2FX5SH277602,LAND ROVER,Range Rover Evoque,2025,0,
SALZJ2FX5SH279012,LAND ROVER,Range Rover Evoque,2025,0,
SALZJ2FX6RH258907,LAND ROVER,Range Rover Evoque,2024,0,
SALZJ2FX6RH259166,LAND ROVER,Range Rover Evoque,2024,0,
SALZJ2FX6RH263895,LAND ROVER,Range Rover Evoque,2024,0,
SALZJ2FX6SH266947,LAND ROVER,Range Rover Evoque,2025,0,
SALZJ2FX6SH269895,LAND ROVER,Range Rover Evoque,2025,0,
SALZJ2FX7RH241422,LAND ROVER,Range Rover Evoque,2024,0,
SALZJ2FX7RH255823,LAND ROVER,Range Rover Evoque,2024,0,
SALZJ2FX7RH256244,LAND ROVER,Range Rover Evoque,2024,0,
SALZJ2FX7RH258673,LAND ROVER,Range Rover Evoque,2024,0,
SALZJ2FX7RH258916,LAND ROVER,Range Rover Evoque,2024,0,
SALZJ2FX7RH259175,LAND ROVER,Range Rover Evoque,2024,0,
SALZJ2FX7SH265046,LAND ROVER,Range Rover Evoque,2025,0,
SALZJ2FX7SH270053,LAND ROVER,Range Rover Evoque,2025,0,
SALZJ2FX7SH277035,LAND ROVER,Range Rover Evoque,2025,0,
SALZJ2FX7SH280811,LAND ROVER,Range Rover Evoque,2025,0,
SALZJ2FX8RH256866,LAND ROVER,Range Rover Evoque,2024,0,
SALZJ2FX8RH259346,LAND ROVER,Range Rover Evoque,2024,0,
SALZJ2FX8RH259394,LAND ROVER,Range Rover Evoque,2024,0,
SALZJ2FX8RH259525,LAND ROVER,Range Rover Evoque,2024,0,
SALZJ2FX8RH263879,LAND ROVER,Range Rover Evoque,2024,0,
SALZJ2FX8SH264312,LAND ROVER,Range Rover Evoque,2025,0,
SALZJ2FX8SH264889,LAND ROVER,Range Rover Evoque,2025,0,
SALZJ2FX8SH265007,LAND ROVER,Range Rover Evoque,2025,0,
SALZJ2FX8SH265251,LAND ROVER,Range Rover Evoque,2025,0,
SALZJ2FX8SH268747,LAND ROVER,Range Rover Evoque,2025,0,
SALZJ2FX8SH271079,LAND ROVER,Range Rover Evoque,2025,0,
SALZJ2FX8SH280834,LAND ROVER,Range Rover Evoque,2025,0,
SALZJ2FX9RH240594,LAND ROVER,Range Rover Evoque,2024,0,
SALZJ2FX9RH248517,LAND ROVER,Range Rover Evoque,2024,0,
SALZJ2FX9RH258996,LAND ROVER,Range Rover Evoque,2024,0,
SALZJ2FX9SH275819,LAND ROVER,Range Rover Evoque,2025,0,
SALZJ2FX9SH277098,LAND ROVER,Range Rover Evoque,2025,0,
SALZJ2FXXRH248655,LAND ROVER,Range Rover Evoque,2024,0,
SALZJ2FXXRH255864,LAND ROVER,Range Rover Evoque,2024,0,
SALZJ2FXXRH263933,LAND ROVER,Range Rover Evoque,2024,0,
SALZJ2FXXSH264974,LAND ROVER,Range Rover Evoque,2025,0,
SALZJ2FXXSH269382,LAND ROVER,Range Rover Evoque,2025,0,
SALZL2FX0RH256774,LAND ROVER,Range Rover Evoque,2024,0,
SALZL2FX0RH258895,LAND ROVER,Range Rover Evoque,2024,0,
SALZL2FX0SH264847,LAND ROVER,Range Rover Evoque,2025,0,
SALZL2FX0SH267120,LAND ROVER,Range Rover Evoque,2025,0,
SALZL2FX0SH275718,LAND ROVER,Range Rover Evoque,2025,0,
SALZL2FX0SH280837,LAND ROVER,Range Rover Evoque,2025,0,
SALZL2FX1RH258968,LAND ROVER,Range Rover Evoque,2024,0,
SALZL2FX1RH259554,LAND ROVER,Range Rover Evoque,2024,0,
SALZL2FX1SH264775,LAND ROVER,Range Rover Evoque,2025,0,
SALZL2FX1SH265022,LAND ROVER,Range Rover Evoque,2025,0,
SALZL2FX1SH267353,LAND ROVER,Range Rover Evoque,2025,0,
SALZL2FX1SH268616,LAND ROVER,Range Rover Evoque,2025,0,
SALZL2FX2RH247624,LAND ROVER,Range Rover Evoque,2024,0,
SALZL2FX2RH252807,LAND ROVER,Range Rover Evoque,2024,0,
SALZL2FX2RH253441,LAND ROVER,Range Rover Evoque,2024,0,
SALZL2FX2RH257778,LAND ROVER,Range Rover Evoque,2024,0,
SALZL2FX2RH257862,LAND ROVER,Range Rover Evoque,2024,0,
SALZL2FX2RH258901,LAND ROVER,Range Rover Evoque,2024,0,
SALZL2FX2RH259529,LAND ROVER,Range Rover Evoque,2024,0,
SALZL2FX2SH269001,LAND ROVER,Range Rover Evoque,2025,0,
SALZL2FX2SH270990,LAND ROVER,Range Rover Evoque,2025,0,
SALZL2FX2SH273646,LAND ROVER,Range Rover Evoque,2025,0,
SALZL2FX2SH274070,LAND ROVER,Range Rover Evoque,2025,0,
SALZL2FX3RH245087,LAND ROVER,Range Rover Evoque,2024,0,
SALZL2FX3RH255067,LAND ROVER,Range Rover Evoque,2024,0,
SALZL2FX3RH256512,LAND ROVER,Range Rover Evoque,2024,0,
SALZL2FX3RH257398,LAND ROVER,Range Rover Evoque,2024,0,
SALZL2FX3RH257708,LAND ROVER,Range Rover Evoque,2024,0,
SALZL2FX3SH271825,LAND ROVER,Range Rover Evoque,2025,0,
SALZL2FX3SH276328,LAND ROVER,Range Rover Evoque,2025,0,
SALZL2FX4RH258687,LAND ROVER,Range Rover Evoque,2024,0,
SALZL2FX4RH259192,LAND ROVER,Range Rover Evoque,2024,0,
SALZL2FX4SH269176,LAND ROVER,Range Rover Evoque,2025,0,
SALZL2FX5RH242644,LAND ROVER,Range Rover Evoque,2024,0,
SALZL2FX5RH244880,LAND ROVER,Range Rover Evoque,2024,0,
SALZL2FX5RH258682,LAND ROVER,Range Rover Evoque,2024,0,
SALZL2FX5RH259279,LAND ROVER,Range Rover Evoque,2024,0,
SALZL2FX5RH259444,LAND ROVER,Range Rover Evoque,2024,0,
SALZL2FX5RH263929,LAND ROVER,Range Rover Evoque,2024,0,
SALZL2FX5SH264861,LAND ROVER,Range Rover Evoque,2025,0,
SALZL2FX5SH265072,LAND ROVER,Range Rover Evoque,2025,0,
SALZL2FX5SH280798,LAND ROVER,Range Rover Evoque,2025,0,
SALZL2FX6RH248839,LAND ROVER,Range Rover Evoque,2024,0,
SALZL2FX6RH252292,LAND ROVER,Range Rover Evoque,2024,0,
SALZL2FX6RH258691,LAND ROVER,Range Rover Evoque,2024,0,
SALZL2FX6RH263986,LAND ROVER,Range Rover Evoque,2024,0,
SALZL2FX6SH265193,LAND ROVER,Range Rover Evoque,2025,0,
SALZL2FX6SH269616,LAND ROVER,Range Rover Evoque,2025,0,
SALZL2FX6SH270006,LAND ROVER,Range Rover Evoque,2025,0,
SALZL2FX6SH273701,LAND ROVER,Range Rover Evoque,2025,0,
SALZL2FX6SH281457,LAND ROVER,Range Rover Evoque,2025,0,
SALZL2FX7RH258988,LAND ROVER,Range Rover Evoque,2024,0,
SALZL2FX7RH259154,LAND ROVER,Range Rover Evoque,2024,0,
SALZL2FX7RH259199,LAND ROVER,Range Rover Evoque,2024,0,
SALZL2FX7SH264831,LAND ROVER,Range Rover Evoque,2025,0,
SALZL2FX7SH268426,LAND ROVER,Range Rover Evoque,2025,0,
SALZL2FX7SH273884,LAND ROVER,Range Rover Evoque,2025,0,
SALZL2FX8RH241617,LAND ROVER,Range Rover Evoque,2024,0,
SALZL2FX8RH241830,LAND ROVER,Range Rover Evoque,2024,0,
SALZL2FX8RH254397,LAND ROVER,Range Rover Evoque,2024,0,
SALZL2FX8RH254867,LAND ROVER,Range Rover Evoque,2024,0,
SALZL2FX8RH258823,LAND ROVER,Range Rover Evoque,2024,0,
SALZL2FX8RH259180,LAND ROVER,Range Rover Evoque,2024,0,
SALZL2FX8RH259356,LAND ROVER,Range Rover Evoque,2024,0,
SALZL2FX8RH259471,LAND ROVER,Range Rover Evoque,2024,0,
SALZL2FX8RH259535,LAND ROVER,Range Rover Evoque,2024,0,
SALZL2FX8RH264038,LAND ROVER,Range Rover Evoque,2024,0,
SALZL2FX8RH264041,LAND ROVER,Range Rover Evoque,2024,0,
SALZL2FX8SH265132,LAND ROVER,Range Rover Evoque,2025,0,
SALZL2FX8SH267415,LAND ROVER,Range Rover Evoque,2025,0,
SALZL2FX8SH268743,LAND ROVER,Range Rover Evoque,2025,0,
SALZL2FX9RH245191,LAND ROVER,Range Rover Evoque,2024,0,
SALZL2FX9RH245403,LAND ROVER,Range Rover Evoque,2024,0,
SALZL2FX9RH246860,LAND ROVER,Range Rover Evoque,2024,0,
SALZL2FX9RH255283,LAND ROVER,Range Rover Evoque,2024,0,
SALZL2FX9RH258829,LAND ROVER,Range Rover Evoque,2024,0,
SALZL2FX9RH258944,LAND ROVER,Range Rover Evoque,2024,0,
SALZL2FX9SH267780,LAND ROVER,Range Rover Evoque,2025,0,
SALZL2FX9SH268816,LAND ROVER,Range Rover Evoque,2025,0,
SALZL2FX9SH272882,LAND ROVER,Range Rover Evoque,2025,0,
SALZL2FX9SH276169,LAND ROVER,Range Rover Evoque,2025,0,
SALZL2FXXRH255535,LAND ROVER,Range Rover Evoque,2024,0,
SALZL2FXXRH256295,LAND ROVER,Range Rover Evoque,2024,0,
SALZL2FXXRH256362,LAND ROVER,Range Rover Evoque,2024,0,
SALZL2FXXSH264760,LAND ROVER,Range Rover Evoque,2025,0,
SALZL2FXXSH269361,LAND ROVER,Range Rover Evoque,2025,0,
SALZL2FXXSH273815,LAND ROVER,Range Rover Evoque,2025,0,
SALZL2FXXSH274348,LAND ROVER,Range Rover Evoque,2025,0,
SALZL2FXXSH276021,LAND ROVER,Range Rover Evoque,2025,0,
SALZM2FX0RH240605,LAND ROVER,Range Rover Evoque,2024,0,
SALZM2FX0RH257646,LAND ROVER,Range Rover Evoque,2024,0,
SALZM2FX1RH255467,LAND ROVER,Range Rover Evoque,2024,0,
SALZM2FX1RH256750,LAND ROVER,Range Rover Evoque,2024,0,
SALZM2FX1RH256859,LAND ROVER,Range Rover Evoque,2024,0,
SALZM2FX1RH257719,LAND ROVER,Range Rover Evoque,2024,0,
SALZM2FX1RH258272,LAND ROVER,Range Rover Evoque,2024,0,
SALZM2FX1SH267480,LAND ROVER,Range Rover Evoque,2025,0,
SALZM2FX1SH268953,LAND ROVER,Range Rover Evoque,2025,0,
SALZM2FX1SH276146,LAND ROVER,Range Rover Evoque,2025,0,
SALZM2FX1SH281685,LAND ROVER,Range Rover Evoque,2025,0,
SALZM2FX2RH242159,LAND ROVER,Range Rover Evoque,2024,0,
SALZM2FX2SH268072,LAND ROVER,Range Rover Evoque,2025,0,
SALZM2FX2SH280898,LAND ROVER,Range Rover Evoque,2025,0,
SALZM2FX3SH270199,LAND ROVER,Range Rover Evoque,2025,0,
SALZM2FX4RH253857,LAND ROVER,Range Rover Evoque,2024,0,
SALZM2FX4RH258766,LAND ROVER,Range Rover Evoque,2024,0,
SALZM2FX4SH276187,LAND ROVER,Range Rover Evoque,2025,0,
SALZM2FX4SH278280,LAND ROVER,Range Rover Evoque,2025,0,
SALZM2FX5RH246416,LAND ROVER,Range Rover Evoque,2024,0,
SALZM2FX5RH254631,LAND ROVER,Range Rover Evoque,2024,0,
SALZM2FX5RH259411,LAND ROVER,Range Rover Evoque,2024,0,
SALZM2FX5SH267269,LAND ROVER,Range Rover Evoque,2025,0,
SALZM2FX6RH242150,LAND ROVER,Range Rover Evoque,2024,0,
SALZM2FX6RH247395,LAND ROVER,Range Rover Evoque,2024,0,
SALZM2FX6RH255545,LAND ROVER,Range Rover Evoque,2024,0,
SALZM2FX6RH256856,LAND ROVER,Range Rover Evoque,2024,0,
SALZM2FX6RH257635,LAND ROVER,Range Rover Evoque,2024,0,
SALZM2FX6RH259465,LAND ROVER,Range Rover Evoque,2024,0,
SALZM2FX7RH260866,LAND ROVER,Range Rover Evoque,2024,0,
SALZM2FX7SH272053,LAND ROVER,Range Rover Evoque,2025,0,
SALZM2FX8SH267248,LAND ROVER,Range Rover Evoque,2025,0,
SALZM2FX9RH254664,LAND ROVER,Range Rover Evoque,2024,0,
SALZM2FX9RH258083,LAND ROVER,Range Rover Evoque,2024,0,
SALZM2FX9RH261386,LAND ROVER,Range Rover Evoque,2024,0,
SALZM2FXXRH255810,LAND ROVER,Range Rover Evoque,2024,0,
SALZM2FXXSH272841,LAND ROVER,Range Rover Evoque,2025,0,
SALZM2FXXSH281815,LAND ROVER,Range Rover Evoque,2025,0,
